1,1,0,0
1,7,16.52558568,-13.49666951
1,13,26.76697744,-34.20982295
1,19,26.25942513,-45.01957225
1,25,24.09691653,-56.18504301
1,31,30.78442177,-69.33570823
1,37,25.64221449,-72.68490247
1,43,21.45224173,-72.66758161
1,49,11.65657676,-65.56687781
1,55,10.53553063,-55.4845562
1,61,6.57918304,-50.23968697
1,67,7.546892155,-51.15217824
1,73,-0.513163985,-43.741448
1,79,7.237740249,-15.62657699
1,85,6.651114425,-11.90021062
1,91,7.024812663,-18.4809727
1,97,-6.814897401,-43.52341889
1,103,12.31804912,-42.0511212
1,109,7.331535275,-31.32909369
1,115,3.877541309,-28.55345568
1,121,-3.929941173,-17.14121727
1,127,-11.4886154,-7.772039088
1,133,-20.74371395,-18.75230051
1,139,-23.06354361,-21.40644955
1,145,-32.85354832,-34.42554422
1,151,-37.57638664,-31.26969747
1,157,-39.98410814,-32.79220866
1,163,-37.58897038,-28.00263764
1,169,-43.23170932,-22.8737429
1,175,-44.73481045,-24.95737233
1,181,-52.98430291,-17.14167883
1,187,-61.86835115,-30.84804497
1,193,-60.80937348,-19.74063432
1,199,-54.53142285,-14.31359237
1,205,-52.65328736,-26.06670926
1,211,-55.26963659,-45.64433798
1,217,-57.68413582,-51.48348531
1,223,-41.83853372,-51.15011334
1,229,-36.38773327,-51.62618202
1,235,-38.62931537,-46.07942447
2,1,0,0
2,7,-1.084339502,-8.698085817
2,13,7.414981511,-13.99122511
2,19,19.37774644,-22.63032767
2,25,33.43660308,-16.39253327
2,31,43.9467476,-23.57386532
2,37,59.73283201,-38.57288288
2,43,74.0745556,-49.57610113
2,49,67.78827249,-54.45939429
2,55,63.46728792,-59.27831117
2,61,56.59909182,-68.19690397
2,67,50.22977546,-74.44298227
2,73,36.92919853,-79.93508071
2,79,44.92701616,-102.7032951
2,85,64.77361628,-102.1781304
2,91,67.29706932,-96.87789756
2,97,56.07839702,-74.01370179
2,103,41.71578151,-65.77941671
2,109,33.07939975,-68.94903757
2,115,22.3716079,-73.43757052
2,121,10.91612807,-89.43784574
2,127,-3.106240584,-86.99344191
2,133,4.927822114,-63.83792525
2,139,5.208308356,-54.1574088
2,145,1.155177704,-47.50403513
2,151,14.84210949,-50.43427339
2,157,15.10704825,-35.27866356
2,163,20.83925807,-28.43796706
2,169,14.15039242,-9.455393811
2,175,2.370067444,-1.79510223
2,181,1.738256759,15.28973113
2,187,-8.500827175,30.4503696
2,193,-19.85974259,43.9677367
2,199,-23.63646821,45.27775758
2,205,-23.08154467,44.31808942
2,211,-24.97445026,50.74940136
2,217,-14.73082355,54.64263591
2,223,-3.077429162,64.92403814
2,229,9.737629144,68.22272736
2,235,33.88563372,64.51513943
3,1,0,0
3,7,-0.272900772,0.239771281
3,13,-0.024912406,-0.025410411
3,19,0.002277463,-0.024292936
3,25,-1.045100336,0.465598416
3,31,-0.907280436,-0.23330936
3,37,-0.10279556,0.107423364
3,43,-0.68049373,-0.561458342
3,49,-2.423275048,-0.848017818
3,55,-1.692828968,0.125934581
3,61,-0.710963145,1.010683319
3,67,-0.905974691,0.119375489
3,73,-0.613390567,0.026819402
3,79,-2.148947066,-1.268237029
3,85,-1.561264499,-0.743120919
3,91,-1.739805434,-0.768045472
3,97,-2.789005203,-1.596143082
3,103,-3.020316469,-0.650419075
3,109,-3.436970691,-0.696915755
3,115,-4.113267816,0.549311874
3,121,-3.619592839,0.585654107
3,127,-3.976589684,-0.00753081
3,133,-3.429518833,-0.65741544
3,139,-3.163760184,-0.790249216
3,145,-4.261211798,-1.336694523
3,151,-4.380228966,-1.195309634
3,157,-5.562462927,-2.400870888
3,163,-5.157390362,-3.173774947
3,169,-5.900456622,-2.585545789
3,175,-5.129963637,-1.767699798
3,181,-5.734195766,-1.751374945
3,187,-5.171802146,-1.611058945
3,193,-5.823350842,-0.393059708
3,199,-5.577955747,-0.394954557
3,205,-5.687450084,-1.157606997
3,211,-5.318962681,-1.225092774
3,217,-5.269326139,-1.466953247
3,223,-6.15712364,-1.739325648
3,229,-6.363382815,-0.023807078
3,235,-5.821049087,0.421045171
4,1,0,0
4,7,-4.386672667,-1.565606861
4,13,4.432294801,1.371870695
4,19,16.97580667,-1.290610823
4,25,17.7814576,6.029579651
4,31,13.51863033,7.721072508
4,37,11.0181584,9.928863138
4,43,14.14694283,7.487568805
4,49,13.72434291,9.085169463
4,55,10.49896977,10.2601702
4,61,10.08832197,11.26976034
4,67,17.94781563,11.60041149
4,73,10.05159105,24.55408529
4,79,2.79023807,25.13529379
4,85,7.397393426,30.28537198
4,91,17.57938896,37.36785608
4,97,30.70787473,31.76022043
4,103,39.31860315,24.82079744
4,109,43.15533232,19.05277983
4,115,57.87728895,27.04015151
4,121,64.53496247,20.11885105
4,127,92.15185258,20.48812797
4,133,98.31608798,30.46883224
4,139,106.0192809,31.08023686
4,145,104.3829573,31.60909408
4,151,94.33097754,18.76993718
4,157,87.67325544,16.35857174
4,163,89.87162041,26.18112899
4,169,94.35964321,29.8506256
4,175,104.7015834,19.76150196
4,181,130.7924885,10.4899085
4,187,132.5127684,2.860468948
4,193,144.8848694,-6.477298466
4,199,145.749212,-8.116658682
4,205,137.2563529,-11.25865847
4,211,127.3701968,-9.562015508
4,217,122.485859,-13.46882981
4,223,127.7601956,2.330445666
4,229,122.8906279,28.02197482
4,235,112.2527997,42.13437309
5,1,0,0
5,7,-8.955858164,1.119952946
5,13,-13.49977901,-3.722479497
5,19,-24.77979097,-5.179181125
5,25,-48.55681811,-14.70441713
5,31,-64.06785789,-26.66297938
5,37,-52.48192499,-22.92473377
5,43,-36.53217907,-28.96218433
5,49,-44.50499927,-52.24446154
5,55,-58.52566742,-39.42889308
5,61,-48.59660994,-21.550701
5,67,-60.66679823,-16.48550233
5,73,-78.42104775,-5.965179077
5,79,-79.70250013,-6.928126776
5,85,-85.44437854,-16.24473504
5,91,-92.37367138,-25.37061947
5,97,-96.08739327,-36.97001066
5,103,-101.440779,-48.06056201
5,109,-104.7946618,-49.04556769
5,115,-108.4866294,-48.49518693
5,121,-113.6758192,-51.65555218
5,127,-115.7112515,-56.34885028
5,133,-113.1133041,-57.07622938
5,139,-107.9596913,-57.01693032
5,145,-109.2052752,-53.93571146
5,151,-113.4882292,-44.25631249
5,157,-118.0693303,-35.00796737
5,163,-126.9100764,-37.54278951
5,169,-124.9125654,-34.62846312
5,175,-123.8305581,-34.61843014
5,181,-126.633392,-38.95848466
5,187,-128.2705659,-40.41010907
5,193,-128.8666538,-40.38010729
5,199,-134.0319151,-45.32969587
5,205,-134.7538404,-39.39114185
5,211,-141.6985835,-30.11056001
5,217,-140.0531744,-26.98673134
5,223,-140.5584189,-29.06494345
5,229,-142.8695031,-29.80097083
5,235,-145.3570147,-32.51065353
6,1,0,0
6,7,5.163196373,19.77522747
6,13,12.21567869,16.82208097
6,19,24.24755703,31.9649613
6,25,36.16401962,21.94225455
6,31,54.73419598,23.42130568
6,37,69.75590315,38.30840569
6,43,66.82848287,48.74919387
6,49,63.1193159,62.15133957
6,55,62.89907614,73.97881714
6,61,70.25599754,73.25318713
6,67,62.99610213,86.47483631
6,73,53.82265214,95.60441326
6,79,35.60265845,91.64235683
6,85,28.12028833,102.14808
6,91,21.62758815,102.7100485
6,97,16.07572909,105.9366363
6,103,9.644198512,107.8161808
6,109,7.486718552,110.6990478
6,115,10.30989784,121.8116086
6,121,12.26287987,125.7069809
6,127,1.204492364,135.4802721
6,133,-18.04933581,124.7074723
6,139,-25.55512432,123.9173689
6,145,-27.70281422,132.6806569
6,151,-29.5111804,127.1600386
6,157,-30.40270686,128.6116873
6,163,-39.05147802,122.9843258
6,169,-46.28963125,116.2437405
6,175,-54.45255583,118.7046878
6,181,-53.21332456,129.9699053
6,187,-40.48546575,133.8521595
6,193,-39.93049363,142.3656676
6,199,-41.77986627,144.2171294
6,205,-38.39107455,142.8637214
6,211,-37.38104714,148.2920751
6,217,-39.90921301,147.5747533
6,223,-41.95025693,148.9226712
6,229,-45.51018024,154.0175801
6,235,-43.69057859,168.102916
7,1,0,0
7,7,-2.619288677,-0.934403499
7,13,-4.23967611,-2.289657826
7,19,-4.60098495,-2.871619406
7,25,-4.032748879,-4.89196574
7,31,-3.384248946,-4.072565001
7,37,-3.830291548,-4.030781151
7,43,-3.76006067,-2.873125568
7,49,-3.829246952,-4.129896331
7,55,-3.974445832,-4.516494118
7,61,-3.839352814,-2.666489852
7,67,-3.557457582,-3.246410826
7,73,-4.024100594,-2.84402263
7,79,-4.047834792,-2.932983363
7,85,-3.202902177,-2.081904635
7,91,-4.621099501,-2.319246622
7,97,-4.494241788,-2.626066406
7,103,-5.171018699,-3.666435693
7,109,-5.623231707,-3.745679251
7,115,-4.339908765,-3.505665042
7,121,-5.008110269,-4.62299435
7,127,-4.909116553,-4.245530707
7,133,-4.063187928,-3.254427495
7,139,-4.136066737,-3.440851488
7,145,-4.469050014,-3.648313163
7,151,-4.552301906,-3.533844848
7,157,-5.469068734,-3.16255161
7,163,-5.659088081,-3.014170356
7,169,-6.051880567,-2.039975027
7,175,-5.001162489,-1.333536441
7,181,-4.828148197,-1.693849272
7,187,-4.87690412,-3.494101604
7,193,-4.981193695,-2.072867663
7,199,-3.525463785,-1.439599401
7,205,-4.687832197,-2.232812355
7,211,-4.340831896,-1.973606725
7,217,-4.385603778,-1.89786135
7,223,-5.627337213,-3.015919447
7,229,-5.55839386,-3.686696002
7,235,-5.734882042,-3.422388856
8,1,0,0
8,7,7.520680077,-5.91833015
8,13,24.81559875,-6.854677084
8,19,42.68742608,-5.289956915
8,25,56.34207255,-14.64130408
8,31,65.73884751,-24.36314282
8,37,78.80941892,-20.46220741
8,43,98.42338987,-17.93101706
8,49,122.5319184,-11.98647484
8,55,146.5007869,-2.268863072
8,61,171.6623656,15.60677824
8,67,182.3963939,23.39815451
8,73,188.4810213,39.32474926
8,79,196.8579545,45.36705841
8,85,203.4510331,59.711187
8,91,198.5774085,70.34845645
8,97,195.6549197,83.68469541
8,103,196.3007231,97.70191396
8,109,199.839548,119.7246024
8,115,201.0059005,128.0554762
8,121,192.9578936,133.9448127
8,127,188.0509634,137.3781334
8,133,184.0114125,140.895289
8,139,178.7229132,152.9767492
8,145,183.8877129,160.0232312
8,151,182.350383,167.6574322
8,157,182.5988269,175.7237802
8,163,168.2590467,173.1939624
8,169,156.4691503,162.9947675
8,175,137.7104122,173.9068872
8,181,139.1102927,173.4124773
8,187,153.0324287,178.7968852
8,193,166.2082856,181.8463289
8,199,174.7799267,197.1654059
8,205,172.2169491,197.8111607
8,211,167.3089986,198.2209583
8,217,148.8468529,208.8075527
8,223,126.2454824,203.0604027
8,229,136.8218738,195.1019882
8,235,141.9613359,181.9255968
9,1,0,0
9,7,0.261877853,2.151382433
9,13,1.378186858,0.106937505
9,19,3.287878868,-9.469678058
9,25,12.23504016,-8.699956373
9,31,14.47156933,-10.31706426
9,37,10.17976058,-21.91062515
9,43,4.392867366,-16.31817259
9,49,7.331316639,-10.87395553
9,55,11.39829427,-7.646104507
9,61,8.660310301,3.291328465
9,67,1.302538655,-0.002162071
9,73,-0.809853615,-2.898584565
9,79,-1.408140049,2.097937973
9,85,-11.85716354,12.23363117
9,91,-11.96961554,18.5600705
9,97,-21.2800534,15.55326091
9,103,-21.450274,12.23899991
9,109,-21.6910413,4.712270891
9,115,-15.6158638,5.697908193
9,121,-8.865682784,5.632365851
9,127,-10.08854061,-1.509271542
9,133,-6.750642584,-1.112519308
9,139,-3.375357732,-3.433296384
9,145,-0.573118952,-3.526532674
9,151,3.028648946,-2.928294826
9,157,6.44217088,-3.269537701
9,163,11.37230082,-0.837474684
9,169,14.24911892,0.199396421
9,175,17.76017699,4.082282176
9,181,22.76707261,8.324654802
9,187,24.3246628,5.39441654
9,193,26.1800844,7.002244525
9,199,28.0196427,6.401140111
9,205,29.84598564,7.791619195
9,211,32.08659603,9.531576459
9,217,34.51100677,12.45518275
9,223,45.53946538,12.52519499
9,229,49.18175389,10.27671369
9,235,52.61096906,12.86842989
10,1,0,0
10,7,2.009876079,2.110813229
10,13,0.150689083,0.60173603
10,19,-5.142668842,-2.786254028
10,25,-5.637856054,-2.922828915
10,31,-7.977460157,-5.905515626
10,37,-8.322225508,-8.648042369
10,43,-11.2403173,-13.55885943
10,49,-10.4304151,-14.70616622
10,55,-11.42460352,-13.91713165
10,61,-12.66074958,-14.99534933
10,67,-11.26142786,-17.54970299
10,73,-14.74950482,-16.80940005
10,79,-14.6701155,-17.54853693
10,85,-13.3711965,-20.50775666
10,91,-15.48089225,-19.89086184
10,97,-17.66939429,-21.09481976
10,103,-15.71322989,-22.11050743
10,109,-17.84894338,-23.2159332
10,115,-15.96966613,-21.66963922
10,121,-16.30571031,-22.48661066
10,127,-17.15455409,-21.79635117
10,133,-17.14243192,-21.68853912
10,139,-16.79288086,-19.38211917
10,145,-13.66421789,-16.33311275
10,151,-13.12377294,-18.83183558
10,157,-12.73916717,-17.63672029
10,163,-14.27200286,-13.45828667
10,169,-13.25325429,-11.60099453
10,175,-10.50611189,-9.012193483
10,181,-2.461724693,1.43313748
10,187,-6.848615996,-3.725516114
10,193,-7.640808647,-5.244650589
10,199,-12.39053925,-7.405410095
10,205,-10.77960177,-7.011767356
10,211,-11.35240491,-7.035720191
10,217,-11.44675867,-9.636813459
10,223,-13.76223989,-9.808224417
10,229,-12.45168457,-8.123120603
10,235,-14.3121105,-8.803954433
11,1,0,0
11,7,1.754921713,1.798697584
11,13,1.259831673,1.03162383
11,19,1.251766418,1.493869821
11,25,2.496002026,0.519625906
11,31,6.281618865,-11.64399302
11,37,5.664238183,-8.130845756
11,43,6.098061438,-20.77454169
11,49,8.706636931,-19.10085556
11,55,9.822022805,-23.96167775
11,61,4.980100513,-22.1601136
11,67,5.745765277,-25.05864958
11,73,-5.388561943,-23.08013568
11,79,-12.15720559,-24.34215372
11,85,-10.09731036,-20.40538623
11,91,-12.27614381,-22.32443102
11,97,-10.77522904,-25.31241359
11,103,-10.18821453,-25.56671205
11,109,-7.353228868,-26.38169147
11,115,-5.176824711,-26.04134744
11,121,-4.936859087,-26.16383242
11,127,-3.798492095,-26.40530421
11,133,-3.402905921,-23.9632325
11,139,-2.459756965,-24.21685075
11,145,-1.812204457,-24.09786395
11,151,-6.488886196,-19.39008725
11,157,-8.132254747,-18.16057317
11,163,-7.833403045,-17.05519598
11,169,-9.79641805,-18.31731119
11,175,-8.140854446,-20.92710133
11,181,-9.84374069,-20.86306515
11,187,-5.598161397,-25.61345166
11,193,-7.356435535,-24.40968808
11,199,-11.29150252,-23.30095847
11,205,-13.18897518,-21.04424187
11,211,-13.49122789,-21.90382312
11,217,-12.7129308,-22.12513177
11,223,-14.17745476,-19.89620629
11,229,-8.889659912,-21.9097506
11,235,-7.356824222,-20.86593172
12,1,0,0
12,7,-23.73376142,0.008745457
12,13,-30.30648254,18.57994212
12,19,-57.00638719,24.51737867
12,25,-69.80191397,17.44755119
12,31,-67.29019442,14.20488148
12,37,-69.51944786,10.87660346
12,43,-79.23934316,-6.240612388
12,49,-61.54830386,-18.94234415
12,55,-58.05760327,-27.4573341
12,61,-48.86346784,-23.44302356
12,67,-43.89952213,-21.34532852
12,73,-30.97074859,-17.98935655
12,79,-27.73658141,-17.66536166
12,85,-15.38826328,-31.66761576
12,91,4.482484007,-28.72340906
12,97,21.82593997,-27.17279094
12,103,34.01462921,-31.39395583
12,109,37.0321034,-32.91078248
12,115,46.73958501,-29.77927724
12,121,54.14353753,-8.260715793
12,127,46.06647634,2.458007874
12,133,27.18007882,-10.30610815
12,139,24.0540395,-27.68955028
12,145,17.14308782,-23.29952519
12,151,10.99214066,-18.63336229
12,157,3.424356584,-14.42516983
12,163,-4.873527402,-19.45013939
12,169,-30.03377004,-27.15853099
12,175,-54.21901569,-21.6157089
12,181,-63.05536475,-25.17340941
12,187,-57.39481909,-32.19618147
12,193,-62.23828399,-41.679002
12,199,-68.01587301,-67.57541778
12,205,-74.99803942,-67.13105139
12,211,-77.17390913,-69.518962
12,217,-76.82988472,-65.1922443
12,223,-77.17648419,-74.72667518
12,229,-74.81284222,-96.48346531
12,235,-85.17814011,-101.6599378
13,1,0,0
13,7,10.82113054,-2.696807437
13,13,9.161595041,-10.37721357
13,19,6.674751452,-11.63403292
13,25,9.523547644,-12.27619239
13,31,14.31330086,-5.367718604
13,37,26.34130447,1.410545049
13,43,38.56695541,10.4138959
13,49,42.00326412,12.86500458
13,55,51.99752384,14.14116111
13,61,58.52696709,9.756431877
13,67,65.6195449,5.622648676
13,73,52.00268609,-1.307105727
13,79,45.50629337,-11.08404084
13,85,24.02595686,-15.04286632
13,91,9.267755172,-24.34268816
13,97,0.656844556,-30.5198474
13,103,-8.250403442,-37.94741265
13,109,-11.56619489,-42.46823092
13,115,-9.837892165,-48.20908902
13,121,-10.27226201,-53.78791324
13,127,-8.093452854,-57.39206184
13,133,1.496353773,-66.16215192
13,139,11.30604184,-79.20206565
13,145,14.4271497,-87.54027591
13,151,-0.167518015,-89.77848129
13,157,-10.65918168,-92.42189286
13,163,-17.38066059,-99.19316014
13,169,-17.65524973,-111.504966
13,175,-14.86642065,-111.045538
13,181,-10.62841468,-114.803801
13,187,-11.0426639,-118.1909651
13,193,-16.83142767,-124.4300713
13,199,-24.0645887,-124.3414021
13,205,-36.64648948,-122.9992173
13,211,-34.43534035,-125.3069005
13,217,-37.59066481,-127.5150313
13,223,-36.75411933,-129.5266321
13,229,-22.33590943,-146.4553105
13,235,-18.247967,-155.668941
14,1,0,0
14,7,-20.5733233,0.362284354
14,13,-18.72312469,-1.250349077
14,19,-18.39232778,-0.078253621
14,25,-15.17798363,-0.412989785
14,31,-10.98475561,-1.161902292
14,37,-0.284591748,-1.250349077
14,43,-2.715804513,-1.250349077
14,49,0.236467441,-1.250349077
14,55,5.570370278,4.973615058
14,61,3.822420637,10.26504777
14,67,1.840457142,24.59588964
14,73,7.716359678,31.83907758
14,79,5.896794462,32.12919901
14,85,6.623614821,34.24148803
14,91,20.30211696,32.29974453
14,97,25.73375028,33.21408207
14,103,23.01801864,26.84501167
14,109,20.30041645,14.2809662
14,115,12.5296406,-0.008908675
14,121,15.74478642,0.79451794
14,127,9.995571541,5.910092567
14,133,8.177220972,19.47033214
14,139,8.944804878,29.14697994
14,145,30.80715996,35.61689031
14,151,39.1299685,40.33058842
14,157,38.69816156,51.73791358
14,163,26.95784704,61.43757894
14,169,13.81646172,47.57271354
14,175,8.264068219,51.85111866
14,181,3.38220834,54.57083434
14,187,2.757321141,58.06912647
14,193,-2.292135705,64.11296608
14,199,2.463449491,61.18278855
14,205,9.763671172,47.20858065
14,211,39.87627179,47.62592722
14,217,53.09522446,49.73243452
14,223,40.82413358,54.12390504
14,229,13.84386416,52.25122332
14,235,4.956755001,55.44413503
15,1,0,0
15,7,-1.786794046,-0.8862549
15,13,1.543524582,-6.631923005
15,19,2.143220006,-6.192755304
15,25,-0.15984752,-7.682398153
15,31,-2.143900208,-8.870808594
15,37,-5.398667804,-9.293068411
15,43,-9.664070134,-9.730487021
15,49,-21.31384487,-10.69569396
15,55,-35.60499057,-18.43037052
15,61,-42.63215965,-8.647702268
15,67,-53.32372381,-1.393880095
15,73,-56.2239603,-15.33117488
15,79,-62.86939018,-18.52467569
15,85,-62.57180171,-19.14735224
15,91,-60.24225488,-19.00902826
15,97,-60.60796074,-20.01475582
15,103,-66.57897012,-24.27797178
15,109,-75.74202274,-25.38815897
15,115,-81.36953,-9.116313007
15,121,-83.43676171,-6.820533362
15,127,-82.57450823,-0.067145676
15,133,-86.31634919,2.992306713
15,139,-81.71220616,4.558423726
15,145,-71.09891384,2.951251651
15,151,-67.73696581,2.466024543
15,157,-77.25911661,9.150808977
15,163,-94.52891639,23.81703761
15,169,-105.3365522,33.17807766
15,175,-123.2796064,41.95633016
15,181,-143.9117915,45.90150301
15,187,-156.0984887,42.69920815
15,193,-142.8310474,29.5194157
15,199,-137.4558465,13.27594389
15,205,-155.1377031,7.818438596
15,211,-175.7518142,3.525488077
15,217,-188.4464767,-8.010790065
15,223,-202.7781916,-20.74781946
15,229,-207.3459439,-21.87073614
15,235,-210.0827861,-13.44876384
16,1,0,0
16,7,1.595900153,-0.344571007
16,13,3.303086246,-0.782524062
16,19,1.320539721,0.898790055
16,25,0.015790409,4.11648663
16,31,-1.655976584,1.195115291
16,37,-0.242224867,0.636134828
16,43,2.537518654,0.492126302
16,49,3.820890182,-2.655363688
16,55,2.965195796,-0.740885969
16,61,2.378764316,-4.590879089
16,67,2.237015033,-4.617066874
16,73,3.075315676,-10.07428065
16,79,1.508518461,-5.330647583
16,85,1.640890671,-4.684552651
16,91,3.005060505,-2.863942838
16,97,-0.685765297,-3.073153605
16,103,-1.672592952,-5.8626143
16,109,-4.004860588,-4.773124696
16,115,-5.233475838,-3.403634709
16,121,-13.66215299,-2.641953987
16,127,-17.81473893,-6.803091034
16,133,-13.17821341,-5.862274199
16,139,-15.10476472,-11.78668973
16,145,-22.87022042,-8.925856387
16,151,-25.28588571,-8.372123199
16,157,-22.2612208,-11.37929719
16,163,-22.01110073,-12.04735294
16,169,-22.94999842,-13.4134905
16,175,-27.03820807,-17.35472789
16,181,-22.81344783,-16.18934715
16,187,-25.94866988,-12.52913045
16,193,-24.47889866,-13.38846877
16,199,-27.46277572,-13.97830126
16,205,-27.32306705,-17.31668515
16,211,-30.75614479,-15.12609392
16,217,-32.35121899,-12.47374255
16,223,-29.87797944,-14.62303579
16,229,-28.57879321,-14.22458305
16,235,-28.36037542,-17.86245025
17,1,0,0
17,7,-0.392087991,-2.826045858
17,13,1.143371337,-3.890076464
17,19,2.81589141,-3.650742457
17,25,-1.47268638,-8.186707363
17,31,0.549020359,-9.745694399
17,37,0.391067687,-10.44909637
17,43,-0.38927001,-12.16065519
17,49,0.245747343,-12.27647176
17,55,-1.744597215,-13.21550307
17,61,2.606680643,-13.65584898
17,67,4.575525953,-13.6316775
17,73,5.566143307,-12.38496402
17,79,9.161886556,-12.1568412
17,85,11.6732903,-11.62063536
17,91,12.2765325,-10.3083431
17,97,16.4773642,-6.437591662
17,103,19.67368299,-1.03812219
17,109,20.18947061,2.765179906
17,115,23.0938369,7.232359363
17,121,22.43812196,5.109436106
17,127,22.32375082,1.330536264
17,133,16.50792471,-2.254238725
17,139,14.27355761,-0.218915795
17,145,13.83089173,-2.225026469
17,151,11.51174228,-2.107400072
17,157,12.02689828,-1.418379521
17,163,14.90867214,0.746825592
17,169,16.50826482,2.627098856
17,175,17.48275166,2.553697749
17,181,16.27325495,1.456495138
17,187,16.46492622,1.80242655
17,193,23.05836921,10.39613777
17,199,21.55871767,11.0456823
17,205,17.40588881,0.518678481
17,211,13.91858923,-0.739489125
17,217,11.10196903,-8.446022311
17,223,7.066232119,-13.75373736
17,229,7.485188097,-18.48155573
17,235,7.839573451,-22.55588197
18,1,0,0
18,7,4.743390142,0.594545321
18,13,9.613540826,-4.883098819
18,19,3.259091739,-9.282841085
18,25,0.431976992,-0.477574833
18,31,-0.049849105,-0.052011176
18,37,-3.815788665,-0.002575051
18,43,-11.97053867,0.372216369
18,49,-18.80166375,0.335096762
18,55,-19.95173994,0.382832382
18,61,-20.53234112,1.43495945
18,67,-14.57250648,0.309516301
18,73,-7.269466823,-3.98494038
18,79,-7.101068189,-2.838775356
18,85,-9.219655158,-7.239465047
18,91,-6.75110415,-8.682756974
18,97,-7.296966427,-12.64799578
18,103,3.213566776,-16.04582448
18,109,4.732895594,-18.0438699
18,115,6.108944674,-17.02971269
18,121,9.152509482,-18.42978749
18,127,5.130668132,-14.17723612
18,133,0.807788716,-11.75503603
18,139,-0.228547944,-10.51097048
18,145,2.091670395,-12.31285044
18,151,8.386698961,-12.02347298
18,157,12.21589733,-14.72703385
18,163,11.09720761,-11.79934635
18,169,10.10275198,-8.492980557
18,175,8.691721068,-6.783972493
18,181,5.859407633,-8.678530004
18,187,3.568437989,-10.13331249
18,193,3.161094034,-8.60577266
18,199,8.129048079,-7.550876197
18,205,7.131385774,-8.600622557
18,211,3.312098926,-5.071320489
18,217,-5.313253841,-5.745012196
18,223,-14.02343754,-5.596728113
18,229,-14.77311755,-2.825875807
18,235,-7.914104179,-5.798966808
19,1,0,0
19,7,-8.032896637,-3.427781888
19,13,-5.067457912,-0.039840415
19,19,-11.22853523,-0.884845909
19,25,-12.333961,-6.214181674
19,31,-14.11934605,-8.910697595
19,37,-17.22320593,-6.152477616
19,43,-17.5514035,-6.51662873
19,49,-19.82852617,-8.530658901
19,55,-17.82304711,-7.866830125
19,61,-10.23446828,-5.106569539
19,67,-7.893698113,-2.13622364
19,73,-2.610567513,4.334685783
19,79,-4.309469716,-0.778928707
19,85,-4.943806866,2.188210524
19,91,0.662031098,8.541542136
19,97,8.877950717,12.6039041
19,103,9.416573699,12.49307973
19,109,18.58808026,16.68842123
19,115,19.7204226,19.17781558
19,121,24.11370295,20.14569474
19,127,29.90727672,26.82280261
19,133,29.61182603,28.62932252
19,139,29.71050394,29.17299843
19,145,29.32716141,28.42263822
19,151,23.12590357,23.39307729
19,157,21.52397877,23.2265735
19,163,13.26948197,15.0174559
19,169,14.20019294,15.45725522
19,175,13.23644358,11.20774047
19,181,-0.992269273,5.897887644
19,187,1.869487201,9.465208158
19,193,3.449548359,9.746326016
19,199,8.394326943,14.07085735
19,205,13.97091621,16.34579366
19,211,15.21209091,16.52381229
19,217,23.05351062,21.89075352
19,223,39.59918656,36.3773116
19,229,37.26755054,39.52266381
19,235,36.37167564,34.52230299
20,1,0,0
20,7,-8.44444327,-0.702794645
20,13,-15.28603861,-1.149395985
20,19,-28.16282526,-1.743163932
20,25,-50.16605508,-7.225496609
20,31,-57.79996454,-9.24317072
20,37,-65.60827298,-12.15205549
20,43,-70.05966203,-17.54328966
20,49,-70.38110616,-24.03669434
20,55,-68.87173745,-30.22833217
20,61,-69.25998715,-34.78111993
20,67,-70.4184444,-38.82837169
20,73,-72.23779098,-38.74922531
20,79,-72.8932144,-45.45567904
20,85,-75.09804129,-45.4737044
20,91,-76.83658957,-45.78601439
20,97,-81.29485352,-54.51913062
20,103,-80.40930311,-52.96175906
20,109,-84.30086145,-55.69724085
20,115,-84.83231801,-57.07158943
20,121,-80.76230377,-56.56027171
20,127,-77.13442097,-51.6038811
20,133,-72.58743921,-58.53888278
20,139,-69.1394699,-62.41788166
20,145,-69.1504503,-59.33918927
20,151,-68.02454559,-49.86654747
20,157,-73.22031879,-48.59495802
20,163,-82.71222488,-41.57731177
20,169,-85.83403724,-30.58252318
20,175,-76.79470855,-29.41816274
20,181,-73.43195885,-26.71343581
20,187,-68.39326377,-34.47012176
20,193,-69.38764653,-36.70210816
20,199,-77.3255092,-34.04008821
20,205,-78.00928248,-35.02560404
20,211,-82.40217414,-32.7511536
20,217,-86.43851837,-32.72409126
20,223,-85.64000956,-35.76692728
20,229,-79.42079925,-36.64050127
20,235,-72.48696363,-38.61221315
21,1,0,0
21,7,-12.84571599,-1.413508787
21,13,-18.66470018,-1.651628148
21,19,-19.38819241,-4.287265972
21,25,-18.19166812,-7.972698741
21,31,-16.28360374,-12.16925489
21,37,-18.05392718,-13.22361691
21,43,-19.50929269,-30.66983199
21,49,-29.27928003,-42.82470546
21,55,-33.31331643,-46.50809762
21,61,-31.86718223,-49.73910673
21,67,-27.58635389,-50.87611332
21,73,-19.96599989,-54.46811545
21,79,-17.80319978,-62.14993058
21,85,-6.967335576,-68.19600513
21,91,-0.198376117,-74.66535981
21,97,4.84712098,-70.84704468
21,103,11.98759231,-61.32659438
21,109,3.044998092,-56.72016781
21,115,-0.126323268,-55.6926252
21,121,-10.75217504,-54.86574223
21,127,-18.31106791,-58.90123621
21,133,-18.26595592,-61.74433571
21,139,-23.01316006,-62.057666
21,145,-22.40510786,-75.1695597
21,151,-28.22919357,-73.59319107
21,157,-30.32606265,-69.24963836
21,163,-47.781339,-67.29303669
21,169,-43.10285958,-56.14228745
21,175,-50.20062393,-55.68655196
21,181,-42.98535465,-51.92275018
21,187,-39.70177563,-50.00501721
21,193,-37.65730641,-45.90990836
21,199,-37.52024566,-41.38918727
21,205,-40.96751049,-27.5350715
21,211,-46.6443567,-5.85590945
21,217,-43.33446844,-4.386624081
21,223,-38.72852773,-6.276080075
21,229,-15.10921032,-9.994551238
21,235,-7.488151835,-10.92550514
22,1,0,0
22,7,-3.942500621,1.525863618
22,13,-4.234744644,6.292259171
22,19,-5.494965004,12.74781546
22,25,-8.325820862,10.36351235
22,31,-10.9122412,7.129831026
22,37,-14.38953209,11.00377698
22,43,-23.34167343,19.9993541
22,49,-23.04345335,24.39117686
22,55,-23.85989035,24.85352003
22,61,-35.21163935,16.10075081
22,67,-37.20341719,16.71992917
22,73,-53.87114084,19.96408075
22,79,-65.64199157,20.92255855
22,85,-71.85641618,20.70003525
22,91,-62.6612483,28.68160092
22,97,-58.10199861,44.40418359
22,103,-58.54612207,47.08670678
22,109,-57.27049999,48.17483598
22,115,-57.75081993,48.38875958
22,121,-48.75903251,49.9630876
22,127,-51.11403833,55.61673406
22,133,-48.41737665,55.05168037
22,139,-44.64725871,60.16160233
22,145,-41.80517951,61.78179542
22,151,-41.15340003,60.55956921
22,157,-40.68984223,61.43834189
22,163,-41.6477127,65.49535941
22,169,-44.71076044,67.43515037
22,175,-46.11970216,71.52632376
22,181,-53.10197789,68.99281344
22,187,-73.33711923,83.68654168
22,193,-75.79911114,85.32952154
22,199,-75.07110043,77.59188125
22,205,-78.98056266,83.93904246
22,211,-84.07780371,86.88383219
22,217,-78.08502785,96.55839687
22,223,-84.7549936,93.64645119
22,229,-94.83704799,83.87097365
22,235,-89.52049031,84.80882674
23,1,0,0
23,7,-2.176452743,0.795302146
23,13,-3.416509966,0.623745431
23,19,-1.228493785,4.586409189
23,25,-4.973201319,5.742655781
23,31,-11.18990946,12.51270842
23,37,-20.56064239,19.96412934
23,43,-38.27840391,20.95513538
23,49,-43.67925808,26.00573399
23,55,-46.92212214,33.75435469
23,61,-39.33898492,47.00187585
23,67,-35.07943719,57.173474
23,73,-36.18046594,58.92159369
23,79,-42.10597465,66.45570777
23,85,-55.26526386,70.99732078
23,91,-56.59760995,72.28377751
23,97,-57.25354352,70.54484055
23,103,-48.69876174,56.60356172
23,109,-49.0138897,59.06783717
23,115,-50.79446476,59.00380099
23,121,-39.09182859,62.25963748
23,127,-29.9187187,64.1658556
23,133,-26.2244433,64.14117397
23,139,-22.64278995,62.28888617
23,145,-22.81981258,64.80461406
23,151,-28.80838575,61.1050428
23,157,-29.64024877,61.59245628
23,163,-29.25046861,61.47113735
23,169,-35.69941721,54.9301671
23,175,-51.3418332,53.10800254
23,181,-56.45994188,52.69239899
23,187,-56.23763722,53.70434554
23,193,-56.47269567,48.95614539
23,199,-51.46920106,42.63687248
23,205,-49.03162355,44.55091292
23,211,-52.9210441,51.13833127
23,217,-55.14994529,51.6042212
23,223,-58.2956619,55.73654683
23,229,-66.08669806,74.49934188
23,235,-68.81496485,72.71041006
24,1,0,0
24,7,-10.96430096,-0.046059407
24,13,-9.763258192,-2.273405851
24,19,-11.93920078,2.99658227
24,25,-5.099476002,3.040042333
24,31,38.14131887,15.52967247
24,37,42.24631494,11.37533744
24,43,43.74710825,7.627277481
24,49,37.63784777,-1.786381066
24,55,37.92066613,-20.94522386
24,61,36.82520047,-61.19826695
24,67,35.75388198,-78.91045324
24,73,40.42602094,-74.22290041
24,79,31.00859699,-67.3678225
24,85,1.688747755,-43.16094399
24,91,-7.285913141,-31.97472706
24,97,-32.13989473,-37.44729398
24,103,-40.63540176,-43.50920753
24,109,-9.347095902,-28.91797119
24,115,0.380816068,-25.73134528
24,121,-1.462361882,-39.42896596
24,127,4.161379976,-47.64014845
24,133,6.737354348,-59.81038721
24,139,-6.410614356,-34.43633029
24,145,-36.44720238,-7.26256763
24,151,-55.16809212,-3.547570357
24,157,-54.81718065,-8.767126342
24,163,-59.43320293,-9.183507269
24,169,-52.54513521,-7.616540003
24,175,-50.14064467,-12.5750441
24,181,-49.16710525,-10.63972304
24,187,-42.90975503,-11.67112823
24,193,-34.41055548,-15.48995351
24,199,-12.76030203,-34.56882396
24,205,0.319986556,-59.42083783
24,211,-4.243805909,-56.90081009
24,217,-1.555136606,-47.73612984
24,223,0.49509004,-30.43231995
24,229,-6.004460755,-13.17184866
24,235,-5.234860535,6.448827145
25,1,0,0
25,7,11.92032517,2.251104936
25,13,19.85158016,8.365224005
25,19,24.69831246,21.89621943
25,25,30.13361401,28.55457315
25,31,30.84976977,29.86942833
25,37,41.18383908,21.2112558
25,43,45.26140843,26.4355975
25,49,48.06617368,35.50451499
25,55,54.946662,27.17184352
25,61,55.93791097,22.03473776
25,67,56.80225365,22.51889598
25,73,59.89134342,22.1474084
25,79,62.16317023,18.44324577
25,85,64.1369713,22.50934885
25,91,69.74557865,22.00813699
25,97,70.33128135,23.91105127
25,103,67.97530381,20.2380079
25,109,62.78035656,20.02775254
25,115,60.01601477,17.12630141
25,121,58.49357645,15.94780248
25,127,55.84156519,8.703600314
25,133,53.8740317,3.373074196
25,139,60.01839547,-0.974413965
25,145,60.24684625,1.54755721
25,151,55.07949578,0.59809209
25,157,53.96430425,10.28725683
25,163,54.59091625,16.25265454
25,169,52.82676322,17.56350138
25,175,47.51977695,7.368047559
25,181,45.11565081,7.26091571
25,187,45.99942783,8.55985901
25,193,44.91591429,8.959526397
25,199,43.73328557,9.309879123
25,205,51.28746561,12.35495009
25,211,50.49872255,10.81203284
25,217,57.47657697,9.402313746
25,223,56.52609155,7.816009303
25,229,56.07910152,5.848257175
25,235,52.49200656,-0.215624102
26,1,0,0
26,7,10.13790385,-5.803193778
26,13,17.45002907,-8.808958778
26,19,22.02069644,-4.564934233
26,25,22.4331662,0.55465632
26,31,21.61893986,2.671639955
26,37,18.87255054,0.505390245
26,43,27.74355348,1.174126194
26,49,34.94827963,9.091971485
26,55,41.5421356,19.98987985
26,61,46.87125273,20.07145553
26,67,53.741951,29.02063314
26,73,58.85379211,41.83656599
26,79,54.39943932,50.88451867
26,85,41.00302676,57.80217519
26,91,45.55401685,66.14961677
26,97,54.86231693,70.18409045
26,103,61.5531746,70.61839956
26,109,66.65240767,71.64540773
26,115,73.12586785,66.02416805
26,121,80.94112407,65.19616761
26,127,94.83041602,70.06058516
26,133,94.10128783,78.14483706
26,139,92.92560689,83.06585716
26,145,88.70908195,81.64544917
26,151,82.61109339,75.62745725
26,157,84.77537537,80.59011544
26,163,84.82920852,76.88767761
26,169,85.89885079,72.89800011
26,175,82.05932793,61.18093394
26,181,75.52338631,54.69005572
26,187,69.78762973,50.88388706
26,193,67.18726525,43.86303414
26,199,64.67435534,39.06551934
26,205,63.81708191,29.1810151
26,211,63.2881761,20.77405583
26,217,63.84888136,11.22207331
26,223,68.34494512,3.825554426
26,229,71.1385842,-0.60421391
26,235,73.61332991,4.245725051
27,1,0,0
27,7,-0.224272387,-8.138959597
27,13,-4.1248434,-9.046543695
27,19,-13.73930736,-13.47266809
27,25,-9.725895656,-8.761271744
27,31,7.984286472,5.988840397
27,37,16.04662615,4.048855096
27,43,25.78833651,6.036551724
27,49,6.653422254,17.17384268
27,55,-8.398335277,15.08343552
27,61,-13.28109399,23.31854656
27,67,-1.10095587,10.25239646
27,73,6.820460483,5.989180498
27,79,-2.354155571,4.009111852
27,85,6.310430287,10.21498534
27,91,6.282517703,13.2773043
27,97,-0.18839172,8.757554925
27,103,-4.226169237,-0.48532428
27,109,-1.593495152,-0.154843176
27,115,-3.462447908,4.335560329
27,121,-3.088458155,7.636484504
27,127,-7.394186758,21.91859323
27,133,-15.50530665,34.01516365
27,139,-19.05443175,45.43750793
27,145,-23.08183619,38.88429403
27,151,-25.31406551,45.24379605
27,157,-26.2285731,50.96745476
27,163,-26.83009049,51.2183522
27,169,-31.05142543,41.72734495
27,175,-20.09659872,26.15809929
27,181,-11.80243155,18.29243522
27,187,-14.31592449,19.88624618
27,193,-19.87912835,23.50215257
27,199,-14.04423229,19.31973491
27,205,-14.12488484,16.28209758
27,211,-14.23913452,15.22559778
27,217,-21.90280282,18.47434073
27,223,-26.92383693,16.14775764
27,229,-21.95512981,17.9785219
27,235,-22.33645603,18.80545345
28,1,0,0
28,7,5.237848566,-2.014904717
28,13,7.746968778,-1.413265858
28,19,11.80189711,-8.538238297
28,25,10.11786218,-11.41345306
28,31,11.74388558,-17.76654174
28,37,8.025511585,-21.57324485
28,43,4.078929751,-25.96739974
28,49,5.684158391,-25.58396003
28,55,3.195784347,-29.13918266
28,61,5.220163309,-28.2906304
28,67,6.459540329,-24.02202141
28,73,8.522739404,-18.34971797
28,79,5.640479692,-9.01705207
28,85,10.73286216,-7.060839087
28,91,14.98193963,-13.28891632
28,97,17.74803052,-20.29752559
28,103,25.23754276,-28.16756239
28,109,30.22677742,-22.99112636
28,115,31.26826418,-22.37019891
28,121,26.98872336,-11.22770927
28,127,22.86975885,9.811868358
28,133,29.56649541,27.71605387
28,139,26.25799184,26.21649951
28,145,27.72771448,23.71865122
28,151,34.16854925,15.39326763
28,157,36.54090023,6.664864227
28,163,35.99149119,-18.66596341
28,169,35.80895406,-30.60054854
28,175,36.45388294,-38.91441727
28,181,36.49799891,-45.29874667
28,187,34.60164372,-39.91552918
28,193,40.64251959,-36.36647695
28,199,50.06113389,-43.19148021
28,205,54.13467061,-44.13773867
28,211,57.16307663,-56.17425695
28,217,60.89306264,-67.37752752
28,223,61.3131361,-68.69177537
28,229,65.93136903,-73.07349228
28,235,66.42014291,-72.76944189
29,1,0,0
29,7,-0.972130429,0.241374614
29,13,-0.87848116,-0.384071322
29,19,-0.320739637,2.653638889
29,25,0.69067247,1.393807216
29,31,0.773778605,2.163553194
29,37,-0.135530291,5.001138196
29,43,0.131351906,6.01252601
29,49,-3.949764209,10.93806459
29,55,-6.749719453,14.07122175
29,61,-15.50460215,23.40136118
29,67,-17.85331611,28.0970157
29,73,-21.14277402,29.74035996
29,79,-22.0861902,28.63371954
29,85,-22.4366158,29.35883939
29,91,-27.87223316,31.37199502
29,97,-41.25822405,31.17762724
29,103,-53.08419546,22.1367195
29,109,-58.53918644,17.28303943
29,115,-63.90621269,14.10413867
29,121,-61.44777969,12.06545117
29,127,-63.99563499,26.81808978
29,133,-58.63347947,11.89870446
29,139,-64.74158604,14.26005074
29,145,-69.23875513,20.16925889
29,151,-66.3756261,9.00621742
29,157,-66.38099484,6.420938854
29,163,-64.17766196,10.98917693
29,169,-69.02843903,19.53582058
29,175,-76.62827764,25.48416465
29,181,-94.01301945,16.96178964
29,187,-99.42663955,16.05736363
29,193,-89.36728691,20.23037992
29,199,-77.21939766,20.66585509
29,205,-74.75605748,9.462098662
29,211,-72.46990999,18.87993559
29,217,-77.01304131,15.79665183
29,223,-76.01004671,20.33590843
29,229,-76.43813683,18.19089075
29,235,-79.8922887,2.963811099
30,1,0,0
30,7,0.38927001,16.2094617
30,13,4.47394504,14.30547853
30,19,14.61419316,19.09842626
30,25,18.32422253,15.53649878
30,31,18.67144147,13.64072662
30,37,24.74834376,11.94721745
30,43,27.62870862,11.84849096
30,49,31.84588947,6.368393233
30,55,37.91018373,5.335263241
30,61,42.44827427,-2.674895208
30,67,34.66763548,-5.337206676
30,73,27.88237546,-3.537488788
30,79,34.23050839,-9.765760365
30,85,27.50561631,-9.604188046
30,91,26.88726392,-8.990815699
30,97,25.32255589,-9.669900438
30,103,16.68245731,-10.70132992
30,109,7.486815724,-9.688557413
30,115,10.02361774,-8.37758911
30,121,8.812031835,-19.01937705
30,127,7.507355401,-18.19842156
30,133,6.253220422,-17.12535398
30,139,5.857512784,-17.52006561
30,145,6.303324603,-17.83393035
30,151,4.578343934,-17.62758615
30,157,2.947146145,-14.86455616
30,163,2.883765874,-13.74195529
30,169,3.538351187,-15.7500094
30,175,-2.205774317,-14.42847367
30,181,0.217543244,-15.58042041
30,187,-4.986428823,-15.17280923
30,193,-1.133714894,-15.86783014
30,199,-3.031321169,-16.40528706
30,205,-0.88787038,-14.41717745
30,211,-0.46840425,-15.46923164
30,217,-3.503247894,-13.08109025
30,223,-5.435374431,-9.745815864
30,229,-5.0110983,-9.415699153
30,235,-4.383417413,-11.89481759
31,1,0,0
31,7,-1.776761063,14.67021267
31,13,1.547022765,16.56933726
31,19,5.702499558,20.63140771
31,25,8.33126248,29.04259395
31,31,14.22723098,30.66186391
31,37,21.36694923,33.26300576
31,43,22.0524716,36.25613843
31,49,22.48794678,36.21882448
31,55,9.877969437,24.64333754
31,61,2.691195769,10.46219026
31,67,12.95561724,-0.904280258
31,73,14.89463082,0.777762646
31,79,19.86469835,12.32264049
31,85,26.42279512,14.08159483
31,91,41.00909999,16.61942929
31,97,51.99494879,16.99475516
31,103,48.84770173,6.323597058
31,109,49.04867719,-1.40335434
31,115,48.17806694,-0.057720016
31,121,46.13801903,-4.24208111
31,127,41.55090535,-3.262444164
31,133,41.11181053,-5.467028127
31,139,38.73792909,-13.00536917
31,145,28.58892337,-4.993024355
31,151,4.974756067,2.250303269
31,157,4.496598203,18.37818929
31,163,5.627021405,20.35655743
31,169,1.410059191,19.18971912
31,175,-0.005854598,22.72915134
31,181,-14.97404443,33.82320087
31,187,-8.837454392,53.01947908
31,193,-17.1541654,65.22021761
31,199,-29.34798045,64.26331886
31,205,-29.2711176,77.74531543
31,211,-31.55934214,74.82486723
31,217,-34.35191234,74.39123831
31,223,-33.88045932,71.46641738
31,229,-27.99479102,71.37274382
31,235,-26.12342112,72.9468775
32,1,0,0
32,7,-6.295660182,-9.881734842
32,13,-15.32685074,-15.68303377
32,19,-18.51612458,-39.18134806
32,25,-5.11997924,-42.79249303
32,31,7.390421353,-40.06259861
32,37,22.75256973,-36.09658243
32,43,24.02202141,-43.00165521
32,49,25.62090959,-47.00595706
32,55,27.69438458,-47.05677788
32,61,20.20387633,-47.59593531
32,67,20.21055688,-47.10439204
32,73,32.50188378,-43.45520433
32,79,37.33384596,-41.84370811
32,85,40.30210267,-37.61105266
32,91,37.5307888,-30.69713725
32,97,29.38004713,-25.01535957
32,103,19.53822558,-37.13291909
32,109,30.52344276,-31.93078114
32,115,29.45608402,-38.5628499
32,121,17.27383241,-45.92861392
32,127,14.85877445,-52.1881748
32,133,24.01990792,-67.26908386
32,139,26.58893451,-67.48815756
32,145,31.05334457,-59.09329617
32,151,28.80231252,-56.16866958
32,157,19.87307941,-54.22202801
32,163,24.93060151,-61.59644032
32,169,29.52896283,-48.21166407
32,175,25.68054875,-35.42716628
32,181,23.26641392,-37.83279858
32,187,41.22929117,-51.5585019
32,193,43.51763717,-58.97435795
32,199,33.66301325,-61.81765179
32,205,11.07194296,-67.83112523
32,211,10.9590051,-65.45561617
32,217,12.72510156,-59.65980744
32,223,16.32074764,-53.15406195
32,229,18.2213298,-35.58730531
32,235,20.49726212,-34.84627359
33,1,0,0
33,7,0.58196158,4.664389514
33,13,5.31961859,13.07800505
33,19,10.88921149,18.35807474
33,25,3.831336145,5.97314716
33,31,-1.164506191,-7.006277152
33,37,-8.259938419,-4.060855806
33,43,-7.111514152,-7.515700025
33,49,2.618389839,-12.1771258
33,55,11.06484942,-19.97180591
33,61,11.67596253,-22.5494322
33,67,14.13537939,-22.34605173
33,73,21.09749198,-24.75707707
33,79,24.50768579,-27.95208404
33,85,29.22824057,-31.23624609
33,91,39.2833298,-49.42480472
33,97,54.52073395,-55.46927594
33,103,62.97020586,-54.98103651
33,109,63.42720458,-49.47625716
33,115,64.1280072,-41.62852128
33,121,62.56169585,-49.82403483
33,127,54.9955151,-78.00043985
33,133,54.77911362,-87.56500612
33,139,49.14033444,-90.1560907
33,145,50.86746503,-94.22326266
33,151,57.28468707,-97.5394428
33,157,59.76480151,-102.1083611
33,163,52.80079407,-96.90763212
33,169,39.18562361,-101.5477773
33,175,36.73874191,-100.5205262
33,181,36.99488663,-100.8069885
33,187,34.86235551,-106.4427068
33,193,36.96335439,-105.4253186
33,199,30.97791501,-105.4340155
33,205,30.20233873,-99.53807125
33,211,35.33179221,-94.16325911
33,217,33.51604099,-90.24466274
33,223,32.34298368,-91.77992772
33,229,27.07248541,-85.61248566
33,235,29.92617663,-82.55789186
34,1,0,0
34,7,-7.174809397,-15.34361287
34,13,-14.73568214,-39.86932401
34,19,-16.42897267,-29.43196113
34,25,-21.58953326,-25.82868707
34,31,-39.66763191,-16.87688583
34,37,-48.91510248,-0.087357399
34,43,-50.6897865,11.04036214
34,49,-53.15664914,12.16692277
34,55,-56.87454942,16.08216671
34,61,-60.87846259,11.09944256
34,67,-64.03490452,19.48157445
34,73,-60.88004163,30.83215739
34,79,-55.72702399,40.65835858
34,85,-55.46299622,45.20541321
34,91,-55.2317639,44.09508027
34,97,-51.73503866,52.22505148
34,103,-51.15556711,60.66893601
34,109,-49.08985372,66.09306281
34,115,-48.54436798,70.36803656
34,121,-40.71388009,79.88221928
34,127,-32.40189405,83.21069164
34,133,-31.07140637,84.67351509
34,139,-20.47367367,98.47681004
34,145,-14.99443835,115.1590123
34,151,-8.853973589,125.3819657
34,157,-9.247531302,136.445892
34,163,-6.375353159,142.9107768
34,169,-8.946663287,145.6259497
34,175,-4.630112181,147.8789737
34,181,-9.234947561,152.4519732
34,187,-12.85895564,151.1564795
34,193,-4.214945901,138.2252524
34,199,-18.63335014,122.0130213
34,205,-17.5725505,118.079169
34,211,-19.28983031,104.8174607
34,217,-18.77556099,91.06897065
34,223,-25.69786961,86.39272619
34,229,-36.63096629,72.97141336
34,235,-38.66678723,68.70610821
35,1,0,0
35,7,-0.966664518,1.441381895
35,13,0.309686351,3.701028835
35,19,1.674366337,4.356880417
35,25,1.374105645,3.652801283
35,31,1.865989018,3.140772993
35,37,1.098818092,4.636892947
35,43,1.40111939,5.427212004
35,49,1.077731823,2.029529064
35,55,0.82445367,2.256279331
35,61,0.618303813,2.088393886
35,67,-0.596974615,2.567593309
35,73,-0.288017052,3.812919062
35,79,0.687684439,2.52715468
35,85,-0.195606723,2.985507728
35,91,-0.268048258,3.03530521
35,97,0.376006067,3.260361045
35,103,-0.375665966,3.073536219
35,109,-0.267659571,3.043385648
35,115,-1.263329856,1.920544879
35,121,-2.369241485,2.676377077
35,127,-2.311375711,3.253051908
35,133,-4.599430202,3.28616318
35,139,-4.941620502,3.204502474
35,145,-5.482624192,3.216621613
35,151,-4.709525789,2.949803185
35,157,-5.356446681,5.006695205
35,163,-5.695333142,4.235291235
35,169,-6.225842283,3.339303978
35,175,-6.192366617,3.773843874
35,181,-6.155392768,3.152709934
35,187,-4.93258353,3.470321856
35,193,-5.5334936,4.423200133
35,199,-5.722346887,3.489294639
35,205,-5.992387166,3.878476587
35,211,-5.591893819,2.98573851
35,217,-4.885212304,3.548611916
35,223,-5.518140465,3.593262333
35,229,-6.22987491,4.216746615
35,235,-5.756648513,3.62726637
36,1,0,0
36,7,6.640328361,15.3933648
36,13,15.62604254,25.02245311
36,19,17.80341842,24.12662679
36,25,23.46459569,23.16520954
36,31,31.25966448,16.78598166
36,37,33.61549627,20.72289491
36,43,36.02865938,24.16418367
36,49,33.47600623,32.01007328
36,55,28.34470648,34.44048438
36,61,17.15435975,35.53672742
36,67,12.77900759,44.22810839
36,73,10.31478072,52.16878904
36,79,3.681351556,50.89345847
36,85,2.132433942,50.63226082
36,91,-14.89774031,48.47538819
36,97,-18.35151564,56.57892868
36,103,-22.28425051,62.83003562
36,109,-16.31003446,55.04220612
36,115,-16.29468132,56.08490753
36,121,-14.24209826,64.17309489
36,127,-15.43493001,65.59641803
36,133,-18.83462927,63.04235588
36,139,-16.01086695,60.21096558
36,145,-13.85275537,64.90883076
36,151,-10.13545027,70.05378314
36,157,-23.79995968,76.30557028
36,163,-26.92206355,70.18136964
36,169,-20.7500787,75.20330259
36,175,-25.26907499,73.49774412
36,181,-24.12014057,77.056222
36,187,-31.53862027,73.7364951
36,193,-37.13308914,73.77201137
36,199,-48.68712542,67.98349053
36,205,-52.88703399,66.80222221
36,211,-52.75189239,73.43127865
36,217,-40.6930246,67.34609246
36,223,-46.16406106,67.96080092
36,229,-42.89119523,65.89386074
36,235,-37.19335991,56.92704646
37,1,0,0
37,7,-7.738587715,-4.74824873
37,13,-3.600140271,-6.53003843
37,19,-9.792652645,-12.72507727
37,25,-12.33906251,-14.36927178
37,31,-14.20150476,-13.35679078
37,37,-18.48813912,-17.31177797
37,43,-22.23981872,-20.72304067
37,49,-21.71108297,-17.64808938
37,55,-16.81751389,-16.11496218
37,61,-11.10850383,-23.79731175
37,67,-4.150399569,-23.61827281
37,73,-15.99213709,-24.4447185
37,79,-8.853414851,-16.68103618
37,85,-2.426597107,-17.84597964
37,91,0.386792131,-14.36951471
37,97,0.771810877,-10.47793208
37,103,-9.395560309,-11.10527287
37,109,-5.522173092,-14.39866623
37,115,0.017976773,-17.37605708
37,121,0.708600657,-18.5879345
37,127,6.675747462,-13.39143251
37,133,4.189778419,-15.08367845
37,139,4.03821479,-18.86851791
37,145,-9.484350991,-12.65725139
37,151,-9.722494645,-10.48536572
37,157,-9.323021602,-6.635178258
37,163,-0.823117558,-3.82467988
37,169,-1.118033804,-2.139673237
37,175,-5.627895951,4.134706332
37,181,-2.529963551,2.420839681
37,187,1.51777407,7.865032448
37,193,11.03812719,10.60576151
37,199,11.35575733,21.65511204
37,205,6.045442939,22.18858492
37,211,11.27391443,33.58522727
37,217,12.46356381,34.6075712
37,223,18.28038593,28.23922655
37,229,30.37124751,19.3424731
37,235,33.01694261,10.64326981
38,1,0,0
38,7,0.306771199,-2.070122561
38,13,-7.060596158,-10.35173028
38,19,-7.375189682,-13.14719133
38,25,-8.169228596,-14.03670148
38,31,0.432754366,-11.3706489
38,37,-3.630725077,-10.20259594
38,43,-2.234172759,-4.132690019
38,49,0.476530237,-1.76855005
38,55,5.755433866,2.594801398
38,61,6.791187495,16.37086397
38,67,13.81665607,39.87918694
38,73,10.07952793,49.15561469
38,79,-0.586820168,55.73409324
38,85,-3.381625309,66.08764549
38,91,-13.55487539,76.45533623
38,97,-45.26016949,78.13392953
38,103,-64.44192052,75.66576721
38,109,-82.8479981,69.43501776
38,115,-94.51171699,54.63469212
38,121,-95.80657908,47.80730815
38,127,-92.7295386,31.22511993
38,133,-74.74027922,32.27148957
38,139,-62.73631347,35.89645722
38,145,-50.55904191,39.28704662
38,151,-31.82530121,44.13744715
38,157,-28.69943193,35.06767941
38,163,-9.191329594,23.18673309
38,169,4.599138687,12.20897384
38,175,6.691343527,7.730328117
38,181,-6.017846163,2.537129967
38,187,-7.147953556,-0.262558055
38,193,-16.59299858,0.649665994
38,199,-18.94980208,-2.057878921
38,205,-17.95111947,3.423020472
38,211,-11.56460371,11.03475047
38,217,-2.797671708,13.5056579
38,223,3.676492969,19.86078719
38,229,-3.399602082,33.25566929
38,235,-12.30942513,42.65254142
39,1,0,0
39,7,1.447786121,-3.565765766
39,13,2.319489551,-6.769226681
39,19,13.45855389,-18.73893939
39,25,28.24313771,-37.93706386
39,31,48.60163858,-45.36764144
39,37,52.95158032,-39.72395508
39,43,59.75462277,-28.42346418
39,49,75.97268417,-18.54819126
39,55,87.83531362,-23.36455738
39,61,100.7956923,-31.96552004
39,67,107.377086,-29.95114977
39,73,126.8192573,-9.945430921
39,79,131.8993475,18.59148127
39,85,148.473932,23.17060258
39,91,162.7857267,20.1004613
39,97,167.1234734,4.068823889
39,103,153.4839615,-4.154286439
39,109,143.5451382,-14.5954876
39,115,141.7678184,-26.51471959
39,121,120.5834549,-25.62695853
39,127,95.97786857,-35.69754666
39,133,93.71226075,-32.94569143
39,139,92.3567635,-11.49041308
39,145,87.17357404,-21.52942039
39,151,93.98832568,-42.32184168
39,157,86.27220893,-60.49334667
39,163,88.76267217,-67.19197808
39,169,85.03224888,-66.00657996
39,175,70.37214207,-66.7124841
39,181,61.50147923,-62.33324507
39,187,53.80620582,-60.72932825
39,193,54.94204635,-67.25081557
39,199,51.45936242,-73.85747392
39,205,49.61669462,-74.12100369
39,211,52.94210608,-63.93395523
39,217,52.33390813,-65.05507423
39,223,56.48275295,-65.84303991
39,229,55.77019254,-60.39525179
39,235,38.40720506,-42.76732555
40,1,0,0
40,7,-9.130500082,4.261078187
40,13,-17.14138732,4.185478569
40,19,-21.65414033,10.76546328
40,25,-26.06515451,13.22133337
40,31,-28.12514692,14.19727779
40,37,-37.94916175,6.362271413
40,43,-46.26179154,5.928691087
40,49,-49.6821155,5.074551449
40,55,-55.09603927,2.485896164
40,61,-57.19424446,3.287854575
40,67,-63.92227032,-0.762603854
40,73,-68.57725847,-1.543524582
40,79,-71.30139546,-1.179422054
40,85,-73.21426985,-1.071852932
40,91,-75.34352141,-1.994450065
40,97,-81.14584065,-3.928459304
40,103,-85.49779871,-5.444775797
40,109,-88.49008113,-10.1136838
40,115,-93.57614743,-9.129382607
40,121,-93.46097462,-7.692358257
40,127,-98.31467898,-11.18373905
40,133,-101.9605871,-11.78630104
40,139,-99.30726407,-5.422912155
40,145,-96.99214724,-0.523269846
40,151,-94.81610748,0.692348683
40,157,-94.71439296,5.206462093
40,163,-95.33886718,9.779024308
40,169,-94.54351644,13.35130058
40,175,-95.75119118,13.21618327
40,181,-94.91891519,17.4351375
40,187,-101.9310955,19.3397037
40,193,-102.3136121,24.25158965
40,199,-87.45406028,24.03212727
40,205,-83.45148323,23.38860739
40,211,-93.30984826,28.89406694
40,217,-103.5805616,33.99310567
40,223,-101.0216166,35.16509408
40,229,-97.3798868,37.92967881
40,235,-86.78328372,34.48285126
41,1,0,0
41,7,8.720386733,-3.435749971
41,13,28.21070664,-11.27374438
41,19,37.56705815,-8.106164133
41,25,39.35931811,-10.9644953
41,31,42.56132145,-13.23962595
41,37,33.32626457,-20.41034199
41,43,20.14863419,-20.39719951
41,49,18.73014535,-25.7199276
41,55,13.07251484,-34.83449151
41,61,41.6687018,-58.40363186
41,67,63.66627136,-52.44189023
41,73,78.89830677,-51.64123149
41,79,84.31072438,-52.39561218
41,85,83.42867216,-61.37526528
41,91,69.72602284,-78.48807196
41,97,75.83980181,-87.04030299
41,103,74.42634161,-92.54530097
41,109,76.71366731,-87.41680706
41,115,63.44284923,-81.83312425
41,121,60.34183163,-71.16636318
41,127,62.20959403,-64.83394778
41,133,62.77882611,-55.92306799
41,139,62.52542649,-49.47863787
41,145,58.75768925,-40.94552538
41,151,59.87713205,-32.74544476
41,157,65.60232121,-27.08472905
41,163,66.17165046,-23.93218613
41,169,69.27310534,-27.9326254
41,175,79.49576725,-32.35189919
41,181,83.29080974,-32.67152135
41,187,86.25369771,-31.35469845
41,193,91.00396276,-28.54349558
41,199,97.65451844,-27.65656047
41,205,91.3851918,-20.73625602
41,211,88.11397789,-13.9609804
41,217,104.1140102,-15.46121497
41,223,101.2983617,-10.80821884
41,229,103.578108,-8.400351591
41,235,111.7855251,-8.769725686
42,1,0,0
42,7,-3.690850094,4.528373364
42,13,-1.216128681,13.19861948
42,19,-1.697979071,17.0912467
42,25,0.687781611,12.61537037
42,31,-3.537148687,10.20696867
42,37,-8.664051414,10.27037324
42,43,-16.23615964,11.34062283
42,49,-12.53143828,8.250318417
42,55,-13.86580068,5.404813917
42,61,-10.75385125,7.422317978
42,67,-7.264073792,6.328334181
42,73,-3.274177652,4.198791098
42,79,-5.189286987,6.549399901
42,85,-4.900541147,13.68751482
42,91,-4.805725817,21.93457798
42,97,5.378018809,25.19345108
42,103,26.36658127,27.65070588
42,109,33.39413903,22.97256656
42,115,43.13852161,23.72295107
42,121,62.13938744,19.55649387
42,127,73.12052341,10.70558119
42,133,71.57350064,2.585715839
42,139,52.78194275,-12.22418122
42,145,46.54716067,-25.39117129
42,151,46.94600209,-48.08371318
42,157,42.6247746,-59.72962534
42,163,28.4729246,-47.66397982
42,169,21.27837719,-45.81171631
42,175,21.28824012,-43.56469259
42,181,13.73911301,-18.17218519
42,187,13.77647555,-18.88236489
42,193,5.183578147,-19.73788922
42,199,-12.46205765,6.150849989
42,205,-10.44683712,17.07460604
42,211,2.02758563,27.46977209
42,217,15.34380721,26.52832364
42,223,20.62586892,28.35439936
42,229,28.86122289,29.80182109
42,235,38.05308693,24.86714836
43,1,0,0
43,7,14.82413272,-3.432251788
43,13,14.04275042,-19.39754519
43,19,19.4116108,-24.90317479
43,25,20.01762238,-29.95292315
43,31,19.00195901,-32.16746722
43,37,33.4585639,-34.11729116
43,43,34.54717896,-0.409991885
43,49,34.87936057,12.06251173
43,55,14.30836939,5.612129835
43,61,4.680714367,24.57990869
43,67,7.834034661,32.43959669
43,73,4.591972271,13.78208722
43,79,7.105465211,7.656744813
43,85,18.04501167,12.47284371
43,91,10.47914673,17.71312157
43,97,1.701039981,21.34617877
43,103,-2.459902723,12.58150602
43,109,-9.630108609,-21.54290297
43,115,-28.75791718,-15.3348917
43,121,-5.245063569,13.75400458
43,127,1.713963823,39.66761976
43,133,-30.06009144,34.83570616
43,139,-47.85625841,40.79486059
43,145,-56.91069731,39.95894065
43,151,-64.67153736,34.03544825
43,157,-78.69203545,46.97372033
43,163,-72.46509999,57.32246258
43,169,-67.38771841,53.90896494
43,175,-66.97783584,38.94864602
43,181,-67.76343296,41.72712631
43,187,-71.38968814,33.52510225
43,193,-74.17839575,32.58720057
43,199,-74.14971794,33.42428657
43,205,-81.53540217,41.73499722
43,211,-92.79418211,37.53912128
43,217,-96.60083663,24.28266032
43,223,-86.95815642,7.632160361
43,229,-81.03686254,15.14905074
43,235,-74.06980633,15.9222949
44,1,0,0
44,7,-1.294619158,1.828723654
44,13,3.107333766,11.43293599
44,19,18.80904881,22.06517681
44,25,22.958671,18.36589706
44,31,25.27784474,14.98320286
44,37,24.93728207,13.26063934
44,43,22.68644436,13.07586727
44,49,25.63113692,11.05945639
44,55,29.35145434,6.248143198
44,61,22.86575052,4.787166014
44,67,2.603644026,8.346226929
44,73,-3.975466135,6.977611488
44,79,-13.2380955,-3.132865642
44,85,-34.28831343,16.12754592
44,91,-38.22957511,18.07039779
44,97,-10.69268164,30.73211908
44,103,11.03596512,34.06569296
44,109,16.72097376,30.57368055
44,115,28.0237725,30.4933681
44,121,33.37132796,38.20652111
44,127,27.18651645,36.00222866
44,133,24.58270237,39.10599137
44,139,23.50030631,43.85472596
44,145,27.52171038,55.36661399
44,151,27.8071038,64.64636988
44,157,10.85182466,69.40302396
44,163,-11.09373372,86.65834515
44,169,-15.24233562,113.7594476
44,175,-10.62551167,111.6760368
44,181,-18.81653103,110.8768478
44,187,-35.37459636,99.48448104
44,193,-46.90246915,104.3931603
44,199,-41.16093085,96.37197287
44,205,-25.3158146,86.13672722
44,211,-14.43707337,80.44435782
44,217,-16.78049146,76.47581517
44,223,-44.49020488,64.68946554
44,229,-61.52003903,39.07266146
44,235,-55.0615433,27.28514577
45,1,0,0
45,7,-23.3015415,-2.599659985
45,13,-34.1291947,-16.88868005
45,19,-33.85551048,-26.31628274
45,25,-34.83971449,-30.05481987
45,31,-51.74808397,-34.78840781
45,37,-78.41694224,-18.14522003
45,43,-61.38115632,-8.743513608
45,49,-61.74044884,-12.93704529
45,55,-60.15407152,-18.53447789
45,61,-48.17726527,-17.63183741
45,67,-38.97655861,-29.91712751
45,73,-14.21923861,-37.02689257
45,79,-15.29172315,-53.78526531
45,85,-23.46517872,-67.79679931
45,91,-24.56754358,-100.4611907
45,97,-11.56683866,-102.9812549
45,103,9.911566568,-117.1317991
45,109,15.64197871,-117.9656602
45,115,20.58272467,-117.2080364
45,121,31.58815357,-110.5409737
45,127,45.00864043,-96.47026209
45,133,41.28657391,-86.55522164
45,139,37.72513229,-81.5155427
45,145,31.97684055,-71.96433755
45,151,43.97099195,-59.4083634
45,157,43.12992191,-36.41852457
45,163,46.54652905,-34.46876136
45,169,31.48043869,-21.94340846
45,175,2.516116577,-12.79850267
45,181,-17.25138573,-9.501258875
45,187,-26.6402169,-13.65116044
45,193,-32.7005757,-21.20761186
45,199,-44.4701632,-36.57181299
45,205,-53.1841366,-19.18001409
45,211,-53.35637352,-0.452917503
45,217,-36.23135964,2.750227604
45,223,-30.05857313,-5.927427854
45,229,-29.87618176,-19.01717854
45,235,-12.64486199,-32.38900665
46,1,0,0
46,7,6.143683573,-4.328114544
46,13,30.66958906,1.021918802
46,19,36.97287723,-17.97789029
46,25,33.12652805,-25.84772059
46,31,29.28741816,-22.98539323
46,37,25.96011186,-19.90814627
46,43,39.41873863,-35.94947655
46,49,69.81119388,-47.15588092
46,55,77.81702818,-57.10385045
46,61,97.37935235,-46.59383954
46,67,87.15945984,-17.29049736
46,73,71.57738751,-18.649675
46,79,74.59860282,-31.29877611
46,85,73.85834847,-51.82057409
46,91,68.38378953,-59.32416409
46,97,44.6500281,-71.9820228
46,103,72.19608001,-87.03891829
46,109,83.21093457,-69.30483191
46,115,84.9939875,-67.75734758
46,121,53.81152597,-61.95631587
46,127,53.50227689,-78.91163145
46,133,76.74726444,-71.3077845
46,139,68.39010569,-48.11460164
46,145,50.59222606,-59.874557
46,151,46.64000827,-45.15168938
46,157,56.59564222,-23.63295789
46,163,61.94441234,-20.69729015
46,169,55.76390067,-10.48656822
46,175,48.25859802,-10.94425929
46,181,40.75193497,-8.857155964
46,187,45.19108038,-12.36313681
46,193,65.85149386,-35.09712245
46,199,67.15072867,-43.93979982
46,205,64.40970809,-62.29285807
46,211,55.99997943,-87.24500741
46,217,50.88058322,-77.34931628
46,223,32.17954081,-86.55768737
46,229,27.11932219,-107.0411693
46,235,36.10314152,-107.8847476
47,1,0,0
47,7,-9.128678112,14.75327022
47,13,-8.68487046,35.51163282
47,19,-22.35069169,44.63209992
47,25,-22.79216722,57.49749319
47,31,-22.89188972,56.75123848
47,37,-20.13813964,52.77280861
47,43,-23.17779329,56.31389275
47,49,-30.19036231,50.35269771
47,55,-34.62829307,46.26215594
47,61,-24.18053281,53.80975259
47,67,-12.68205448,58.97676295
47,73,-25.14965092,60.29749702
47,79,-13.95121464,64.00804868
47,85,-7.712229879,62.12624496
47,91,-9.037215207,57.96556948
47,97,-4.261636924,56.57455595
47,103,-3.368167022,57.96911625
47,109,-9.039280107,62.19574705
47,115,-21.4275844,66.32263106
47,121,-28.00878376,67.97574108
47,127,-37.66636768,77.39761064
47,133,-41.55450071,87.63584432
47,139,-47.00119564,85.08219516
47,145,-47.06870571,88.27015718
47,151,-59.67734694,87.3676503
47,157,-60.54708264,96.80912426
47,163,-60.34462531,107.1129246
47,169,-58.97710305,104.9796647
47,175,-62.22361105,98.69984349
47,181,-59.64054314,95.65015686
47,187,-59.84589133,91.46880809
47,193,-59.31917189,93.3441256
47,199,-51.42119822,102.5241833
47,205,-57.77261069,104.0956933
47,211,-62.92764464,104.8155416
47,217,-64.48462751,94.32789234
47,223,-60.72184603,91.39150797
47,229,-48.56085074,85.81482153
47,235,-44.5489209,75.69137197
48,1,0,0
48,7,6.796556234,9.292776896
48,13,22.74989751,12.17440499
48,19,20.80349887,5.94278099
48,25,21.81877355,-2.601627713
48,31,6.126799982,6.7488692
48,37,-1.280504962,7.056855046
48,43,-11.64676242,10.13826825
48,49,-9.396847835,20.57611699
48,55,-3.77123542,24.71694514
48,61,-1.787862935,26.88751899
48,67,4.092315159,32.27374881
48,73,12.04147404,32.09961705
48,79,10.69297315,35.78417527
48,85,16.62329187,38.10871775
48,91,39.59821484,22.91358331
48,97,42.34317088,20.47214322
48,103,48.85829345,13.03408342
48,109,48.64286369,15.44544886
48,115,49.68784863,10.57801898
48,121,50.57303464,9.856470188
48,127,49.21573971,13.19043276
48,133,46.46811145,10.86555017
48,139,45.84966188,11.18893774
48,145,47.73678575,0.035759202
48,151,58.39754647,-8.611457207
48,157,60.33903794,0.931974206
48,163,58.17584914,-2.329449655
48,169,62.63418597,-9.168591406
48,175,62.50086633,-1.281209457
48,181,63.95659624,-8.156790612
48,187,60.02259815,2.184177896
48,193,58.74906526,10.06811025
48,199,56.60273576,13.03602685
48,205,58.28477866,9.206536973
48,211,56.89269625,10.07350328
48,217,60.66155096,6.374320709
48,223,61.95053416,7.500152546
48,229,58.41221941,15.17735201
48,235,62.56422231,9.103632095
49,1,0,0
49,7,8.300459037,-11.52493334
49,13,5.335797685,-11.85024005
49,19,6.551124699,-13.422406
49,25,19.99779935,-8.604849528
49,31,11.34927112,-9.983765174
49,37,5.096269334,-13.97737813
49,43,3.105900483,-11.16075793
49,49,11.03006194,-3.058917944
49,55,6.989806542,-1.698513515
49,61,13.79318909,-6.923681169
49,67,10.41520772,-6.547480759
49,73,9.127536344,-4.449785715
49,79,6.598350167,-8.950052152
49,85,2.037740077,-12.90086096
49,91,-1.143760024,-10.60850662
49,97,-1.290295015,-5.714281632
49,103,-19.36535705,-12.88480333
49,109,-29.91398157,-15.7819789
49,115,-24.91872227,-12.58910971
49,121,-28.86671309,-4.479301633
49,127,-23.21530158,-20.11615453
49,133,-12.03666404,-14.72939027
49,139,-20.2245982,-3.861556557
49,145,-11.98681494,2.921881491
49,151,-5.42709054,5.047124724
49,157,-7.003021899,3.21310521
49,163,-1.704295234,-0.152219538
49,169,-1.588174999,16.711208
49,175,-12.458438,4.988530162
49,181,-14.73347148,2.292985958
49,187,-14.64188711,-2.279333328
49,193,-18.32144099,3.287368717
49,199,-14.64684287,-7.58515353
49,205,-15.23283708,-0.202578795
49,211,-11.04570659,-3.942281984
49,217,-16.55996018,2.866590768
49,223,-14.38729714,-1.877333819
49,229,-17.69662667,4.921457365
49,235,-12.48379983,3.249981888
50,1,0,0
50,7,-8.002287538,-24.08623978
50,13,-25.18222775,-40.12388969
50,19,-12.97116471,-52.40926481
50,25,8.432685489,-63.38616166
50,31,29.31573158,-59.4778655
50,37,25.14744026,-44.20173841
50,43,14.58461651,-32.95425469
50,49,2.797015799,-24.29061625
50,55,-15.01067818,-28.22467508
50,61,-32.04312382,-18.55109426
50,67,-33.86653947,-1.515563413
50,73,-21.14058765,4.137840121
50,79,-14.8943636,10.84405093
50,85,-8.453067262,9.379915658
50,91,-1.832428326,15.13015084
50,97,5.536505924,25.95612782
50,103,6.770720696,29.42817143
50,109,0.100548463,36.18840973
50,115,-17.003367,37.45851731
50,121,-28.41711157,38.18040621
50,127,-33.43645733,34.18601587
50,133,-43.46609364,24.01815883
50,139,-44.64377267,22.31942668
50,145,-48.7319884,7.256518688
50,151,-55.22461571,1.3185477
50,157,-60.30915763,-0.483696653
50,163,-69.40479127,-3.663739178
50,169,-85.34873118,1.474216835
50,175,-95.91941066,5.39589841
50,181,-105.3508941,19.15359552
50,187,-116.7436602,21.77635809
50,193,-120.3728837,22.56172442
50,199,-125.0214676,26.52953828
50,205,-122.8461718,30.71066842
50,211,-123.1209037,34.90243886
50,217,-122.7797049,37.57223255
50,223,-122.5729887,48.18124931
50,229,-116.9101094,59.06152101
50,235,-111.4009011,66.39959108
51,1,0,0
51,7,7.556803673,-20.59596432
51,13,13.07552717,-25.4846748
51,19,18.96957653,-30.82452941
51,25,32.14368443,-34.30687323
51,31,27.5629112,-43.21577315
51,37,37.24724165,-36.27350788
51,43,32.90303303,-22.64706551
51,49,24.42815071,-14.1209008
51,55,18.9225454,-22.09369671
51,61,13.72614059,-21.16247559
51,67,7.549515792,-10.93094676
51,73,8.02050724,-11.96565579
51,79,-2.17518951,-26.2921963
51,85,-11.22906967,-34.94473286
51,91,0.640604728,-14.64127979
51,97,12.15793438,-8.387452042
51,103,22.42685004,-17.14889384
51,109,22.93384362,-18.91778399
51,115,7.925133172,-30.67971922
51,121,-1.239814293,-15.19569318
51,127,-2.934489525,-3.413279005
51,133,-1.407629897,10.19615832
51,139,2.109598582,8.718831985
51,145,3.164689389,11.46774777
51,151,19.35233603,8.661233433
51,157,21.93156566,9.750674451
51,163,18.86851791,17.20075926
51,169,28.62412383,-6.880148227
51,175,32.9275689,-22.69161875
51,181,29.00445404,-35.14121413
51,187,36.26075409,-38.84144129
51,193,39.99647324,-36.69042326
51,199,43.17214304,-34.99198262
51,205,43.99266125,-31.46656742
51,211,44.53410221,-24.41024682
51,217,50.39433581,-33.4207155
51,223,54.74782432,-35.49525938
51,229,43.84287101,-32.65427337
51,235,39.96134565,-24.06769213
52,1,0,0
52,7,5.896381482,2.154832029
52,13,6.783025068,6.847717158
52,19,8.968854884,9.281407802
52,25,18.67475745,5.059805637
52,31,28.19117512,9.797073959
52,37,32.86280393,11.43172135
52,43,33.7749551,12.43681729
52,49,41.30858331,10.97686041
52,55,44.43367521,0.132104987
52,61,55.52845353,-0.695919744
52,67,67.62691881,1.08259041
52,73,79.81866896,-3.186188637
52,79,85.52352493,-8.324581923
52,85,87.23758592,-3.761226731
52,91,89.72974966,-6.680314534
52,97,96.86050382,3.306220035
52,103,93.76373748,11.31373055
52,109,94.06127737,23.24314128
52,115,106.7763945,33.79159576
52,121,105.45894,34.59046897
52,127,102.6535917,31.7568923
52,133,99.68290574,19.6574796
52,139,110.259953,8.816246659
52,145,119.2367274,3.841854986
52,151,116.8026238,-0.858342316
52,157,122.6467754,-7.179655838
52,163,124.0860347,-8.228357602
52,169,122.9501456,-17.0114687
52,175,126.4386598,-18.79991466
52,181,133.5019768,-20.35791783
52,187,141.4978024,-8.003405013
52,193,131.5891996,-1.213918023
52,199,125.6591967,2.212187652
52,205,120.7269533,6.022486114
52,211,118.1051624,7.897925084
52,217,115.3817299,7.859785174
52,223,104.9825555,-6.968647394
52,229,99.32939493,-20.2730869
52,235,90.91786859,-29.72544409
53,1,0,0
53,7,3.880213532,-30.4139302
53,13,9.194293333,-43.79457665
53,19,40.28813423,-26.93034744
53,25,41.02775697,-13.20311367
53,31,30.79030066,6.523722267
53,37,33.53829331,23.31247332
53,43,1.844368304,30.16968902
53,49,-15.95419153,22.3894875
53,55,-17.13499828,15.40279046
53,61,-21.81398785,4.576084691
53,67,-16.56413857,-0.241714715
53,73,-12.46225199,-7.23948934
53,79,-9.859822614,-18.29982028
53,85,-17.11410635,-12.83908402
53,91,-19.10403793,-12.3449657
53,97,-27.60688142,-24.77585551
53,103,-25.13084819,-30.73296933
53,109,-37.39715336,-33.89345604
53,115,-36.90648463,-35.48546933
53,121,-35.02453515,-36.42239929
53,127,-41.36761515,-44.90527399
53,133,-43.94477987,-49.02841688
53,139,-32.53071949,-59.60305914
53,145,-18.51350094,-63.88019496
53,151,-11.25946013,-66.39691886
53,157,-3.966793557,-50.93018939
53,163,-4.482775523,-45.89217452
53,169,-20.7483782,-52.51304424
53,175,-14.01828744,-69.98950403
53,181,-8.334007582,-77.45771136
53,187,-8.834830755,-81.8520363
53,193,-20.87470147,-82.76984773
53,199,-14.71500885,-95.14114697
53,205,-17.5005098,-88.7570605
53,211,-18.28407845,-88.7525906
53,217,-24.33000725,-85.2804741
53,223,-26.44412432,-89.75557306
53,229,-21.8842916,-101.2100083
53,235,-25.9661608,-108.4706082
54,1,0,0
54,7,-2.564034394,3.296600032
54,13,14.42898382,5.583148362
54,19,18.79154575,23.97926584
54,25,24.38024504,22.86460875
54,31,22.19079558,42.55451943
54,37,29.77081115,47.92529894
54,43,32.92530965,41.45774194
54,49,40.59390942,37.00232026
54,55,34.26409337,27.51058422
54,61,37.04196634,40.18858178
54,67,39.34153568,51.86614764
54,73,33.42676444,52.57486976
54,79,23.17134351,52.4536966
54,85,17.69218106,50.09363784
54,91,2.218455229,46.56013309
54,97,-5.749773612,39.00779932
54,103,-2.726639162,34.04426659
54,109,-0.972628434,25.27976389
54,115,8.583884724,22.15817017
54,121,11.68944511,9.230149707
54,127,12.34473491,4.977525462
54,133,10.17717339,-2.366715019
54,139,6.762461098,-2.881142237
54,145,7.089723388,-8.645224388
54,151,3.119625992,-6.729337679
54,157,3.24901017,-9.281845075
54,163,-1.258872102,-10.39757105
54,169,2.140365586,-14.80945978
54,175,0.429584138,-19.0804009
54,181,3.364450203,-20.89260536
54,187,1.499505782,-20.86403687
54,193,2.505002559,-24.00851453
54,199,-0.320521001,-28.51626319
54,205,0.403481378,-32.4760118
54,211,6.82862291,-42.35662917
54,217,15.62163338,-51.56112553
54,223,25.42180468,-54.28606419
54,229,39.43989778,-53.41798041
54,235,54.60675524,-53.38387312
55,1,0,0
55,7,-26.52023409,24.80221335
55,13,-56.54231923,49.25441407
55,19,-82.18582125,58.35012666
55,25,-103.0144147,26.72154965
55,31,-92.41145904,8.733845019
55,37,-102.4548269,-16.28107728
55,43,-118.9938102,-36.80059172
55,49,-116.5969719,-23.17541258
55,55,-89.51026299,-33.48708381
55,61,-92.5675776,-14.01172834
55,67,-110.4231165,-2.892268402
55,73,-118.2332834,-10.12427552
55,79,-120.4720839,-10.76852419
55,85,-104.2557595,-9.96627426
55,91,-98.35512672,-18.84024094
55,97,-97.33554004,-39.3600469
55,103,-92.46045789,-36.93216226
55,109,-91.0186114,-13.73284544
55,115,-69.2947382,-13.67250178
55,121,-67.41203564,-2.247873975
55,127,-74.58000658,7.750224031
55,133,-69.34291109,24.9977229
55,139,-61.25961876,27.55654646
55,145,-68.77551313,36.60075803
55,151,-70.60168602,22.85051885
55,157,-71.28271419,32.8701404
55,163,-96.79289658,46.17839389
55,169,-126.2045002,62.67436648
55,175,-139.8709409,69.45326175
55,181,-149.1173669,67.11273452
55,187,-152.1597414,70.09056264
55,193,-144.8017389,58.78210366
55,199,-139.4317246,53.7670699
55,205,-137.1433665,53.06199172
55,211,-137.2680864,53.69628028
55,217,-140.1683472,38.69335155
55,223,-144.0117023,40.32914071
55,229,-133.5445259,35.3108517
55,235,-137.0701719,41.44578982
56,1,0,0
56,7,7.074710354,0.793990328
56,13,13.4251754,-0.918467333
56,19,13.79000672,-1.060775353
56,25,16.59916898,-1.894314581
56,31,21.92741156,-13.6731334
56,37,22.82727051,-20.38133622
56,43,14.40386492,-21.56333333
56,49,-1.920915347,-18.71969939
56,55,-12.45299638,-15.82937442
56,61,-14.20230643,-15.10369583
56,67,-9.770084507,-4.760298026
56,73,-12.06513536,-6.923292482
56,79,-18.7822537,0.28403301
56,85,-24.83308967,3.909802329
56,91,-16.57266539,-5.827049442
56,97,-5.481749646,-9.758569655
56,103,5.238917456,-10.85826229
56,109,12.96416835,-18.27348673
56,115,15.78132299,-22.20374371
56,121,20.6665353,-29.54691531
56,127,33.68011548,-28.55357714
56,133,49.55649673,-27.33470336
56,139,57.29588611,-18.83926922
56,145,60.39879856,-16.28287495
56,151,64.36413454,-7.287492182
56,157,73.90909641,-12.08374375
56,163,71.47110592,-19.23053125
56,169,81.19012667,-20.8333306
56,175,81.84384958,-23.31592292
56,181,83.6469199,-24.14105679
56,187,78.65870554,-31.98218499
56,193,75.58467739,-34.13240136
56,199,74.54588715,-37.28708206
56,205,69.08857619,-40.9499224
56,211,66.56422431,-33.5019025
56,217,44.07596173,-34.97293696
56,223,30.87709932,-26.41609027
56,229,27.54957438,-20.90135082
56,235,22.82423389,-29.12659892
57,1,0,0
57,7,-4.11036481,16.1860676
57,13,0.410647794,34.16609567
57,19,19.51908275,29.66531908
57,25,38.02398399,48.16988022
57,31,40.78560498,53.89713428
57,37,34.99115666,57.89244774
57,43,32.32840792,66.70096925
57,49,29.43458477,76.32869715
57,55,36.09828293,84.22958597
57,61,43.79642291,90.1877201
57,67,52.0567986,99.39833828
57,73,58.41231658,115.6028442
57,79,50.1745819,112.7878274
57,85,53.74326282,144.9916611
57,91,70.19997803,165.1500853
57,97,71.61300096,195.8011146
57,103,92.88370158,191.2784501
57,109,100.651708,202.7641989
57,115,103.6258436,210.7045395
57,121,110.9364141,218.0664166
57,127,115.1525504,224.5444196
57,133,137.5105056,246.7448595
57,139,136.5447157,239.9731063
57,145,145.1116196,235.4893105
57,151,138.0083165,242.0206121
57,157,145.942681,244.6629062
57,163,159.7811035,250.7555746
57,169,161.1038053,244.9567536
57,175,161.3261828,226.8372841
57,181,142.7604035,238.435655
57,187,146.6045177,254.7043914
57,193,157.1786012,259.0366479
57,199,165.9750735,245.3528742
57,205,170.0413223,236.6541082
57,211,186.0171345,231.2013643
57,217,183.6645094,228.8131257
57,223,186.5337967,228.0309418
57,229,185.0305498,225.3524026
57,235,186.2143446,222.2118118
58,1,0,0
58,7,-5.827972573,9.315004933
58,13,-20.32181853,14.54923385
58,19,-32.87956606,11.69899223
58,25,-38.88536292,2.89564512
58,31,-44.38465207,0.965619922
58,37,-48.64990864,5.657193232
58,43,-55.57679648,6.829133061
58,49,-60.92906477,2.640083431
58,55,-64.86029347,17.68005889
58,61,-67.25232173,17.54788102
58,67,-76.6610731,11.33761051
58,73,-83.37175381,8.920366184
58,79,-89.09215726,3.677537565
58,85,-87.30652928,-1.275865011
58,91,-81.94609855,-0.703450554
58,97,-92.14232975,-4.998660316
58,103,-96.28160315,-15.72753843
58,109,-109.1468992,-19.71541826
58,115,-117.659387,-6.670718824
58,121,-119.8986613,-9.184211764
58,127,-121.7903523,-10.52127068
58,133,-100.0752852,-4.508210227
58,139,-88.83610971,10.56409913
58,145,-87.37435515,25.75709579
58,151,-76.73866474,27.08069642
58,157,-84.89846768,26.2619273
58,163,-84.2542676,30.3179974
58,169,-90.40864006,39.52708513
58,175,-68.21106675,31.94241746
58,181,-55.60050638,15.33700519
58,187,-49.12172605,14.99522787
58,193,-51.45928954,31.0095687
58,199,-39.44891046,33.4468547
58,205,-39.98248051,38.05364566
58,211,-41.51672519,39.17891876
58,217,-48.77564888,47.65061871
58,223,-55.43298229,48.25155307
58,229,-65.01115261,39.374817
58,235,-72.91194426,37.66811677
59,1,0,0
59,7,33.09208066,11.31045101
59,13,49.36655026,36.95018762
59,19,51.07793903,48.10526101
59,25,62.10673774,50.42212692
59,31,72.84960858,60.43484928
59,37,61.52132656,65.61871894
59,43,59.7951191,64.72707101
59,49,54.46082757,72.57767345
59,55,31.98364257,71.63841137
59,61,34.18191037,67.67205508
59,67,37.25467529,62.66931355
59,73,31.8095108,60.30473631
59,79,35.85530499,66.73541663
59,85,50.96988405,65.97874026
59,91,56.76826783,75.89608854
59,97,64.54098712,79.89285958
59,103,62.76687398,75.64154716
59,109,71.38314119,78.25055992
59,115,81.02675667,66.03480835
59,121,74.76287165,57.81791702
59,127,69.97410231,47.55857277
59,133,73.7100158,45.2659998
59,139,67.78958431,33.98227102
59,145,73.20219626,29.21638562
59,151,67.25936668,26.06146199
59,157,45.87648128,21.00129196
59,163,38.83216139,2.041481189
59,169,40.5186742,-6.64751907
59,175,47.55002166,-10.02608347
59,181,48.67254966,-12.58082581
59,187,48.35829623,-18.24389794
59,193,44.49688543,-14.09626776
59,199,39.50556158,-6.579790364
59,205,48.81087364,-1.488282445
59,211,33.70921841,2.811372924
59,217,23.13197681,7.171469119
59,223,23.00118364,8.773005233
59,229,9.639825783,10.23801504
59,235,-8.799435947,-10.21041827
60,1,0,0
60,7,1.486922041,5.86062228
60,13,-16.06146913,23.01430182
60,19,-13.3539971,41.83185316
60,25,-15.14829766,44.98332719
60,31,-25.45863278,44.92021414
60,37,-40.59893806,42.65086521
60,43,-57.93505755,34.43684044
60,49,-63.72374845,22.92043392
60,55,-65.44220647,9.706048327
60,61,-64.35390722,3.198845257
60,67,-47.40567303,-5.069790034
60,73,-38.65300099,-1.234712777
60,79,-20.04031199,6.948265621
60,85,-28.05836564,17.39719194
60,91,-27.63391946,22.12556905
60,97,-21.85832245,28.72785467
60,103,-8.878849556,29.98938685
60,109,-5.835041818,18.31080068
60,115,0.636499222,14.6137073
60,121,18.45371603,15.71024186
60,127,27.28254643,16.02308629
60,133,33.18784342,11.58583573
60,139,38.21903197,8.397970883
60,145,43.22167633,8.034062698
60,151,44.35025327,10.39898004
60,157,50.66826295,6.098255782
60,163,64.19398682,4.492006838
60,169,61.2089194,10.1050841
60,175,55.29215614,15.79453835
60,181,39.85273194,28.67295263
60,187,22.17587972,27.33363447
60,193,5.478542979,33.23113343
60,199,-5.403647856,42.13716678
60,205,-15.10235972,53.70536584
60,211,-46.55685355,43.2266078
60,217,-61.22565723,30.0187813
60,223,-65.42039141,14.77787897
60,229,-73.56710045,8.98420802
60,235,-82.65098239,9.156444938
61,1,0,0
61,7,4.535904174,-10.83034971
61,13,2.622252416,-32.53203131
61,19,23.01889319,-38.21458637
61,25,33.98365571,-47.53911413
61,31,13.73204377,-61.75320263
61,37,-15.66007695,-60.35560572
61,43,-13.14444623,-76.22103086
61,49,2.235095891,-91.71411816
61,55,23.04857916,-90.85691761
61,61,31.07307044,-100.8007209
61,67,27.21819444,-103.5697027
61,73,30.0421511,-101.6850081
61,79,45.28128005,-98.15269369
61,85,64.13774867,-86.7579219
61,91,72.18211157,-91.01074048
61,97,95.60618665,-97.04632049
61,103,107.8519643,-101.6875345
61,109,108.5608322,-100.0909542
61,115,104.0856846,-85.17820084
61,121,117.8755213,-76.36078812
61,127,147.3475172,-88.77292379
61,133,138.6781456,-98.94304007
61,139,138.0262204,-97.67524032
61,145,138.9872003,-103.2550605
61,151,152.5407639,-86.42702781
61,157,177.9265422,-55.91267061
61,163,187.3284915,-47.6850418
61,169,198.7637596,-49.65296398
61,175,202.5138116,-47.65955851
61,181,212.6688906,-46.71509773
61,187,222.2783988,-49.15658641
61,193,238.6557733,-62.34682482
61,199,260.8936728,-50.27602921
61,205,265.4321278,-41.69797479
61,211,277.2394665,-41.26439446
61,217,286.7595281,-30.70379352
61,223,300.3798001,-23.68835793
61,229,309.1892933,-11.34477693
61,235,314.5916536,-12.06681158
62,1,0,0
62,7,-5.805331557,-2.264004485
62,13,2.705795823,-4.695435886
62,19,-1.449948192,5.58693806
62,25,8.651734895,12.34698201
62,31,11.05727003,18.44373163
62,37,29.69004929,24.90157145
62,43,36.79845394,21.21186313
62,49,43.67097419,8.002287538
62,55,41.53543075,4.277354454
62,61,40.55457916,8.217765882
62,67,40.74362679,13.46572031
62,73,35.77474961,8.162426573
62,79,39.38536014,7.808478492
62,85,44.26653981,5.658553636
62,91,47.15871104,10.35943114
62,97,51.43825186,17.83601954
62,103,52.14221257,25.26557681
62,109,51.98178202,26.25381346
62,115,49.1721096,21.45950532
62,121,53.16484801,19.51728507
62,127,43.64682701,12.8388168
62,133,42.34545442,28.01621739
62,139,43.23948305,33.69663467
62,145,52.35142333,33.99903314
62,151,55.9622282,35.7204306
62,157,55.71730682,35.82333548
62,163,61.3485552,33.25941041
62,169,64.3071919,31.1375196
62,175,63.90315178,30.23416247
62,181,60.99188631,21.09788067
62,187,52.61995745,15.73681833
62,193,46.82191377,8.58823316
62,199,45.73563084,7.111368394
62,205,46.27668311,0.490474382
62,211,37.53861112,-4.966545055
62,217,31.95449104,-8.922261033
62,223,31.75319977,-9.693221657
62,229,32.5104106,-10.84565426
62,235,32.85255231,-11.32667869
63,1,0,0
63,7,6.11098528,1.59587586
63,13,11.8311458,1.215642822
63,19,21.28503345,-2.238205387
63,25,25.00831462,-7.034699888
63,31,21.09763774,-9.651024827
63,37,27.89460696,-17.33563364
63,43,21.59972415,-19.76079746
63,49,32.42728017,-15.56888126
63,55,45.60707262,-16.06251373
63,61,49.304166,-12.48552463
63,67,63.24816564,-15.38398773
63,73,77.10913202,-16.92160913
63,79,88.0785102,-6.739200611
63,85,92.01148799,13.62136515
63,91,95.32820258,25.70343269
63,97,107.2469001,26.02859365
63,103,113.0325544,27.65230921
63,109,127.6105511,32.04889339
63,115,146.9805724,39.25738495
63,121,158.1553716,41.95254047
63,127,161.2299828,35.41584577
63,133,179.8731594,43.40477219
63,139,201.9993601,48.39592599
63,145,208.3863131,48.82625106
63,151,214.1515614,43.80414806
63,157,229.530399,50.95572127
63,163,246.1980255,70.21428657
63,169,246.8934351,65.74717999
63,175,250.7174347,66.94742109
63,181,274.402173,77.25724605
63,187,294.1314382,77.94444463
63,193,306.5457603,75.53643162
63,199,309.1393713,93.66595841
63,205,312.1225925,101.7747462
63,211,290.8111283,98.90514309
63,217,283.4256384,97.01418094
63,223,293.9765951,103.2131552
63,229,293.5863533,125.7011992
63,235,289.2418532,122.8978672
64,1,0,0
64,7,-10.77996616,-2.682814706
64,13,-29.96400073,4.313186535
64,19,-37.33804864,-1.860790329
64,25,-40.51275887,-16.23535797
64,31,-33.43600791,-12.27242699
64,37,-39.48992908,-10.09582849
64,43,-50.24257783,3.876205198
64,49,-62.40622105,11.19661431
64,55,-63.74880661,23.57165466
64,61,-50.0729767,26.61108967
64,67,-58.28960081,41.3736155
64,73,-78.31497264,42.5769661
64,79,-82.86184508,34.19869679
64,85,-78.9021815,28.90929861
64,91,-81.32780689,19.70856765
64,97,-82.01767769,17.06675942
64,103,-91.16908184,14.77872922
64,109,-98.43404233,6.217121119
64,115,-101.086916,7.93528762
64,121,-99.86040208,2.190639817
64,127,-88.08832455,7.770265704
64,133,-70.6146463,16.25331045
64,139,-59.93801015,15.32398417
64,145,-54.30138089,13.67733608
64,151,-38.99766917,19.65415147
64,157,-39.78304765,25.79360807
64,163,-39.55394097,23.58924275
64,169,-39.55909107,27.59293727
64,175,-39.85052128,22.14976481
64,181,-45.67849385,17.4158975
64,187,-51.7387069,18.56466187
64,193,-54.53302618,22.82816935
64,199,-54.53108274,24.24228546
64,205,-52.91846905,19.92543069
64,211,-52.12976244,18.08021213
64,217,-49.68299005,15.79869244
64,223,-46.49450573,13.04649711
64,229,-43.83582605,9.391284753
64,235,-38.98036045,11.24189634
65,1,0,0
65,7,1.917198527,-6.976275376
65,13,3.516839792,-17.16419839
65,19,-4.927239084,-26.02181592
65,25,-17.49421793,-31.65794717
65,31,-22.33429395,-27.95553364
65,37,-22.52528502,-32.06291042
65,43,-20.07723725,-41.71655888
65,49,-28.9364824,-45.2601452
65,55,-27.53963857,-44.82389265
65,61,-18.50679609,-51.62248949
65,67,-13.00167664,-51.97971712
65,73,-10.98852102,-58.1505359
65,79,-16.94014464,-67.83520644
65,85,-21.04472773,-68.47481516
65,91,-22.9717406,-80.28565207
65,97,-22.34770365,-86.2217525
65,103,-19.96456661,-86.40526134
65,109,-25.16495547,-85.76834914
65,115,-31.50400283,-97.60085535
65,121,-31.7555319,-109.8940285
65,127,-48.85188011,-121.9111367
65,133,-64.12436326,-126.7364184
65,139,-68.67268113,-127.6636312
65,145,-70.85817084,-119.912484
65,151,-71.97103025,-113.9433938
65,157,-77.38714038,-107.4379641
65,163,-81.72270071,-109.0130695
65,169,-87.5451345,-113.9617835
65,175,-89.71935229,-99.59132137
65,181,-97.60551959,-107.3858557
65,187,-108.4558138,-117.5108843
65,193,-111.5136143,-122.1670628
65,199,-116.0404572,-119.9097632
65,205,-115.2375756,-117.5622639
65,211,-115.6498268,-119.2966095
65,217,-114.6741253,-119.2340552
65,223,-114.8856196,-118.540589
65,229,-114.7276669,-119.1190767
65,235,-123.3111386,-117.1571306
66,1,0,0
66,7,15.66758346,36.88921235
66,13,18.76707061,25.79496848
66,19,6.157822062,25.20362982
66,25,15.10010047,12.37647364
66,31,4.790178338,23.67691595
66,37,-10.81098824,44.34068185
66,43,-13.51090517,40.82821479
66,49,-13.51702699,43.59678356
66,55,-33.47177926,59.90876145
66,61,-47.32905311,51.27680101
66,67,-39.56624534,18.88110165
66,73,-30.45357627,20.37550592
66,79,-31.34789643,22.88861017
66,85,-35.67291362,35.81595043
66,91,-28.89858542,43.16364051
66,97,-27.15031998,66.35294865
66,103,-32.67229872,69.25629463
66,109,-25.82693798,72.90917486
66,115,-25.39340624,69.62972564
66,121,-26.27737761,86.90423825
66,127,-24.66869937,95.07249513
66,133,-26.05062734,96.1555714
66,139,-30.13514446,101.4780566
66,145,-16.01302902,109.5331569
66,151,0.035419101,111.8814093
66,157,1.11684345,111.3905463
66,163,11.57028825,112.333841
66,169,23.70509576,119.3372516
66,175,32.70038136,121.9592367
66,181,30.86111457,128.1603002
66,187,36.42414838,133.8820641
66,193,27.51932968,140.7820354
66,199,24.6699626,154.1103062
66,205,22.15846168,163.2402233
66,211,25.01438785,165.9715267
66,217,28.47506237,163.0831452
66,223,29.2759519,166.2977322
66,229,43.64298873,175.1169912
66,235,52.14138661,176.6048364
67,1,0,0
67,7,-1.377433777,-19.56295579
67,13,-2.154491928,-18.54070903
67,19,3.70231636,-18.0868684
67,25,15.68206205,-6.897736313
67,31,28.97304327,2.588315184
67,37,29.20669273,19.10100131
67,43,24.1300278,19.55644528
67,49,20.34990116,16.50773037
67,55,15.04548995,9.43221835
67,61,8.819501913,12.6303834
67,67,-1.177187104,6.008420504
67,73,-0.380281624,3.311904582
67,79,-1.965662935,7.548398317
67,85,-3.273837551,3.078692394
67,91,-3.092830883,-5.974264635
67,97,7.828082892,-18.57258136
67,103,0.278275585,-22.61745242
67,109,2.452906357,-31.36145189
67,115,11.11598605,-39.49258916
67,121,12.61315971,-30.24689197
67,127,21.79924203,-29.72464243
67,133,31.0948612,-28.7387379
67,139,27.88214468,-43.87644384
67,145,31.07163716,-55.12975786
67,151,32.79728588,-47.76404243
67,157,14.04894512,-43.75050926
67,163,16.49509804,-32.44812351
67,169,15.5508802,-33.0764846
67,175,29.94152976,-41.12065316
67,181,27.64876244,-46.12820469
67,187,28.71796744,-51.35594739
67,193,20.24097164,-55.61236134
67,199,7.704188917,-49.61419245
67,205,8.539452944,-54.78426373
67,211,7.856821436,-66.75038108
67,217,7.270122733,-70.49688629
67,223,8.127930604,-70.74899839
67,229,11.04344735,-82.37749251
67,235,13.16609123,-77.26523843
68,1,0,0
68,7,6.617444415,2.642002573
68,13,-0.352903485,9.916522327
68,19,-0.675270748,17.64697191
68,25,-18.45456628,18.54862853
68,31,-23.04993956,-0.387666676
68,37,-13.06219035,-14.61273559
68,43,-11.75219376,-15.98018497
68,49,-23.55797774,-11.12674782
68,55,-19.06524211,-1.768282828
68,61,-0.75735658,11.92700573
68,67,10.806324,22.31340203
68,73,11.80476367,20.86364818
68,79,9.179523227,28.65410131
68,85,10.17060215,37.23344326
68,91,12.25991613,43.10616342
68,97,7.474450619,47.75835788
68,103,-2.693867992,48.82734425
68,109,-6.870673982,61.90641818
68,115,-3.887962979,66.82923595
68,121,-5.510439604,72.29762448
68,127,-10.53438887,79.06476197
68,133,2.76086791,95.47789565
68,139,30.54540357,99.5657652
68,145,36.48888906,74.25927908
68,151,14.76910922,69.16291258
68,157,-8.907855322,74.28624424
68,163,-23.47708226,55.35354439
68,169,-16.15791209,32.72574318
68,175,-16.8467383,18.41346263
68,181,2.558653508,10.12602461
68,187,21.55264444,14.3874429
68,193,25.17598446,5.031261437
68,199,22.85408991,1.036482417
68,205,22.12156071,-1.8340681
68,211,22.66817607,-6.292064827
68,217,29.92275132,-7.573614385
68,223,39.68362881,-18.54823984
68,229,30.38613908,-38.48176008
68,235,23.48733388,-45.79947267
69,1,0,0
69,7,-3.999953415,8.882712133
69,13,-6.574105817,6.23011784
69,19,7.180457505,5.236682506
69,25,12.42491375,5.412417606
69,31,21.33344927,-7.265239853
69,37,33.83330673,-9.925364956
69,43,47.45316572,-0.121075994
69,49,54.51789168,-0.38562607
69,55,58.65220933,-4.718417004
69,61,65.24861606,-15.69848408
69,67,68.85223022,-16.42916701
69,73,66.80853837,-22.86232522
69,79,73.83043588,-29.9451737
69,85,81.52272126,-50.86527867
69,91,80.22302488,-67.52726918
69,97,70.31546665,-70.57029955
69,103,60.04130371,-69.72388506
69,109,51.11190056,-68.84550107
69,115,52.39332865,-72.63456751
69,121,58.16054459,-68.18036048
69,127,60.82873495,-68.6521293
69,133,66.45966751,-62.36992741
69,139,55.16826217,-64.27191856
69,145,54.82298667,-65.65661592
69,151,54.85376582,-75.93325673
69,157,69.0782517,-72.71308228
69,163,75.113856,-72.60337538
69,169,90.7180106,-51.94398221
69,175,85.97845874,-46.74743163
69,181,90.59882946,-51.69634002
69,187,100.4685636,-53.5999345
69,193,100.8802803,-48.82472061
69,199,94.45671778,-36.58132368
69,205,101.1550091,-29.02670637
69,211,93.31927392,-24.56045004
69,217,88.50885957,-23.25004048
69,223,80.78958474,-23.10865559
69,229,81.92282592,-22.47499864
69,235,76.2992784,-26.19711374
70,1,0,0
70,7,5.666813234,6.70113358
70,13,14.5273945,8.73748896
70,19,21.13776967,8.822198428
70,25,24.81895118,7.369650892
70,31,32.87123358,27.02061999
70,37,28.0646818,43.65173418
70,43,34.27475797,51.36729219
70,49,55.01135409,42.3771324
70,55,74.83589622,63.92640012
70,61,76.28118017,66.04887396
70,67,69.22447088,60.58709311
70,73,69.38164618,61.11558594
70,79,75.23925613,49.22297901
70,85,54.83603197,30.17935761
70,91,38.97901219,30.75449287
70,97,21.52349291,45.18301513
70,103,17.86099268,44.25096804
70,109,22.06954953,39.59508105
70,115,16.86043951,21.79326597
70,121,-0.393132587,-2.575342756
70,127,-17.38757194,-12.06171006
70,133,-28.1877984,-18.10375199
70,139,-27.91744232,-21.59110016
70,145,-25.27485671,-17.16473283
70,151,-22.59772655,-23.27656836
70,157,-16.79251646,-36.97887758
70,163,-14.27484514,-34.89935365
70,169,-15.86814595,-31.63260964
70,175,-13.39157827,-20.06472639
70,181,-12.67109837,-19.79279126
70,187,-11.37247087,-27.02457974
70,193,-9.379648436,-28.17676941
70,199,-10.95827631,-26.64964256
70,205,-16.39503544,-25.94033741
70,211,-23.13107797,-24.37200974
70,217,-24.25780864,-29.36282344
70,223,-24.89095544,-31.13292823
70,229,-19.48028693,-32.09747927
70,235,-17.4939507,-16.75743746
71,1,0,0
71,7,10.1835017,-0.675768754
71,13,17.38970971,-4.36589006
71,19,31.14257253,-3.132525541
71,25,44.33130478,0.703875681
71,31,56.33974043,-2.065178948
71,37,57.99773333,-3.42295974
71,43,65.08335121,-0.388079656
71,49,63.29645999,-2.110679618
71,55,56.6294094,-14.69169978
71,61,55.42579159,-23.50646457
71,67,41.95093713,-28.35102264
71,73,31.70043552,-36.51308482
71,79,20.06392472,-43.49878586
71,85,18.63962987,-52.36032669
71,91,6.233956124,-53.83511441
71,97,-7.933004084,-56.09648312
71,103,-13.64675127,-50.7145167
71,109,-21.50614776,-48.7838113
71,115,-27.58885606,-27.73077539
71,121,-23.41149133,-19.95465509
71,127,-3.626886793,-12.56556985
71,133,4.923109285,-5.761555686
71,139,12.13339852,-7.278503796
71,145,29.30063352,-16.47652609
71,151,33.39690843,-15.81065671
71,157,35.03104566,-21.803469
71,163,36.95796136,-35.05174324
71,169,38.79484744,-37.02570221
71,175,52.0605883,-33.65966082
71,181,56.89935251,-36.25236088
71,187,63.27736575,-36.76727396
71,193,71.69481956,-38.17995679
71,199,83.33720925,-49.43373237
71,205,97.09881753,-48.5135281
71,211,112.3647902,-30.07148482
71,217,122.0770089,-27.26840794
71,223,121.4827065,-24.37442688
71,229,113.6383231,-25.00893409
71,235,113.9227448,-29.3419558
72,1,0,0
72,7,0.858075094,-4.486905322
72,13,1.168295889,-15.82213512
72,19,-7.052628075,-23.84137913
72,25,-20.48487272,-29.09385205
72,31,-21.15253978,-26.0036448
72,37,-20.41403452,-29.11620155
72,43,-20.58048972,-36.94445449
72,49,-31.64976045,-38.65003725
72,55,-29.7422791,-40.3236748
72,61,-21.56075828,-53.86402301
72,67,-15.80318663,-53.81235193
72,73,-16.51526118,-60.97910822
72,79,-20.90261405,-68.69660967
72,85,-24.92887671,-69.33852622
72,91,-26.53269636,-81.19627278
72,97,-22.91484654,-84.98997917
72,103,-29.55459187,-86.8934036
72,109,-31.69261319,-87.31644079
72,115,-35.98221129,-96.76519049
72,121,-33.4936429,-110.4478103
72,127,-49.85444959,-120.639025
72,133,-63.01762567,-124.418107
72,139,-69.68968061,-125.4882837
72,145,-74.62415899,-116.3130118
72,151,-77.00277755,-111.2052033
72,157,-82.37895009,-108.682394
72,163,-88.16926861,-102.6230312
72,169,-92.28653262,-110.670783
72,175,-93.48781831,-97.14236261
72,181,-101.2994063,-109.5467124
72,187,-110.2483896,-117.5591422
72,193,-114.1872462,-122.1477742
72,199,-120.1216705,-121.3784777
72,205,-118.6059856,-118.0670832
72,211,-117.6502043,-117.5651669
72,217,-113.8217347,-120.1004263
72,223,-113.525118,-120.4500138
72,229,-113.1817616,-120.6654678
72,235,-121.346326,-120.5741993
73,1,0,0
73,7,11.1574541,4.451826322
73,13,16.34064356,4.407613178
73,19,31.82496111,-0.364977074
73,25,26.01608278,1.575251157
73,31,25.82873566,6.623517649
73,37,31.02616078,20.24952275
73,43,45.781836,16.84919188
73,49,47.81287123,7.519392551
73,55,41.22827086,-7.728749076
73,61,41.1635059,-11.43555963
73,67,45.06946994,-7.985671169
73,73,41.72258353,-3.65846761
73,79,43.09319099,-9.140703115
73,85,34.74215406,-14.56439264
73,91,33.36945741,-25.90589002
73,97,33.41017237,-37.52073152
73,103,48.6235751,-38.68212822
73,109,55.81617907,-48.20860316
73,115,42.77777151,-48.58621256
73,121,39.14359683,-42.0937796
73,127,32.44870654,-31.89327285
73,133,34.08114327,-29.47359922
73,139,35.95388572,-26.92755375
73,145,27.5140824,-6.91036864
73,151,9.954467893,2.256473675
73,157,8.74054987,-3.246945271
73,163,-1.044839187,-4.944632826
73,169,1.844562648,0.444026288
73,175,6.430631735,-1.168490233
73,181,13.52509225,-0.61198765
73,187,28.34509517,-4.423452172
73,193,39.9625603,-13.35965735
73,199,46.85062803,-20.2696373
73,205,60.90963042,-17.99460383
73,211,65.41562999,-10.23655747
73,217,67.61409214,-7.731178369
73,223,72.80777615,-21.45969966
73,229,66.69270965,-25.55738356
73,235,61.09984411,-38.71749873
74,1,0,0
74,7,4.690990279,5.268627717
74,13,9.829626494,9.981263002
74,19,14.30394807,14.92300497
74,25,7.28110314,23.83173484
74,31,18.24824637,34.58099472
74,37,33.28630269,22.46533005
74,43,40.84361651,7.934583124
74,49,6.715296362,-7.575266305
74,55,12.60798532,-19.49933259
74,61,28.31455894,-12.88822863
74,67,37.57298563,-11.0219238
74,73,18.58596677,12.06034966
74,79,3.341930651,18.51058579
74,85,2.91194568,35.3249659
74,91,8.406837805,39.18280563
74,97,25.68040299,23.8346257
74,103,41.17344171,10.79420182
74,109,56.50393639,16.86126547
74,115,75.12031792,16.21512195
74,121,81.04395607,18.49707892
74,127,89.47593707,7.48968229
74,133,80.43920772,-5.154888189
74,139,50.24673192,2.180145269
74,145,67.64232053,-27.26308779
74,151,50.47564426,-30.0940894
74,157,21.97971426,-33.15422199
74,163,2.940149779,-35.76182577
74,169,-0.873792623,-32.39249268
74,175,5.233451545,-15.27362492
74,181,27.5687658,-26.36675132
74,187,35.5065313,-22.97776525
74,193,43.60130205,-20.00010718
74,199,56.1331533,-18.57855743
74,205,74.33327537,-21.72050863
74,211,73.37134797,-21.03041919
74,217,92.25606927,-20.9584878
74,223,96.86944362,-17.14141161
74,229,103.8079921,-13.53269594
74,235,96.17651191,-16.22977059
75,1,0,0
75,7,2.944886902,-32.90422339
75,13,-9.157513827,-42.11241228
75,19,-26.35190833,-63.03144835
75,25,-50.67919478,-51.6379155
75,31,-64.51776307,-39.38477711
75,37,-71.86282951,-39.03491024
75,43,-73.42588561,-48.69438901
75,49,-29.77215941,-57.21173538
75,55,-3.974227196,-72.04842754
75,61,-5.827146614,-77.11343187
75,67,-22.88739553,-68.31572072
75,73,-41.20528975,-70.1625912
75,79,-56.04837096,-52.23928714
75,85,-73.05653581,-33.36561912
75,91,-71.06242585,-23.16462651
75,97,-72.5128599,-23.92324633
75,103,-85.44841117,-34.31479273
75,109,-69.97220746,-32.92839486
75,115,-53.01836161,-24.29864507
75,121,-41.97833956,-16.23960923
75,127,-11.56873351,-11.85684773
75,133,-7.070361918,-5.182169157
75,139,-0.858852467,-5.911127294
75,145,-9.88717646,1.682990329
75,151,-19.24248337,16.46079642
75,157,-15.3324867,0.239139664
75,163,6.685561808,-3.482416702
75,169,14.51308596,-16.13736026
75,175,0.25084886,15.78426244
75,181,-10.1539129,29.97704604
75,187,-8.076818266,37.56462886
75,193,-7.086055155,57.60914352
75,199,-1.972246321,72.24284391
75,205,-4.400082368,101.8602573
75,211,-7.332434114,111.8340138
75,217,4.299752541,114.9602232
75,223,-5.482915707,118.8444693
75,229,5.015471028,121.3203568
75,235,10.32921073,116.74177
